46.102.152.132	mail.maxsultan.xyz	51852	Private Layer INC	Private Layer INC	Private Layer INC	Zurich	CH	Switzerland
167.114.35.70	domain-parking.domains4bitcoins.com	16276	OVH SAS	OVH Hosting	OVH Hosting	Montreal	CA	Canada
69.12.73.174	69.12.73.174.static.quadranet.com	8100	QuadraNet, Inc	QuadraNet	QuadraNet	Los Angeles	US	United States
50.2.64.140	uop.groupdeal1.in	30693	Eonix Corporation	Eonix Corporation	Eonix Corporation	Henderson	US	United States
185.12.46.178	mta30.leavesorus.com	51852	Private Layer INC	Private Layer INC	Private Layer INC		CH	Switzerland
95.183.50.23	hosted-by.solarcom.ch	197988	Solar Communications GmbH	Solar Communications GmbH	Solar Communications GmbH		CH	Switzerland
94.102.63.139		29073	Quasi Networks LTD.	Novogara LTD	Novogara LTD		SC	Seychelles
92.240.253.181		42005	LightStorm Communications s.r.o.	LightStorm Communications s.r.o.	LightStorm Communications s.r.o.	Bratislava	SK	Slovak Republic
95.215.44.115		52173	Makonix SIA	Makonix SIA	Makonix SIA		SE	Sweden
88.198.25.92	static.88-198-25-92.clients.your-server.de	24940	Hetzner Online GmbH	Hetzner Online AG	Hetzner Online AG	Nuremberg	DE	Germany
31.210.111.154		197328	Inter Net Bilgisayar Turizm Tic Ltd Sti	Radore Veri Merkezi Hizmetleri A.S.	Radore Veri Merkezi Hizmetleri A.S.		TR	Turkey
5.152.205.159	h5-152-205-159.host.redstation.co.uk	35662	Redstation Limited	Redstation Limited	Redstation Limited		GB	United Kingdom
185.82.202.102		60117	Host Sailor Ltd.	Host Sailor Ltd.	Host Sailor Ltd.	Amsterdam	NL	Netherlands
85.204.74.91		16125	UAB Cherry Servers	UAB Cherry Servers	UAB Cherry Servers	Šiauliai	LT	Republic of Lithuania
104.36.83.204		20150	CubeMotion LLC	CubeMotion LLC	CubeMotion LLC	Dallas	US	United States
188.42.254.26	188.42.254.26.superbithost.com	45470	root SA	root S.A.	root S.A.	Singapore	SG	Singapore
153.92.126.148	theguardianpress.com	63473	HostHatch, Inc	HostHatch	HostHatch	Stockholm	SE	Sweden
31.210.118.89		197328	Inter Net Bilgisayar Turizm Tic Ltd Sti	Radore Veri Merkezi Hizmetleri A.S.	Radore Veri Merkezi Hizmetleri A.S.		TR	Turkey
185.82.202.45	mail.mxfeed.org	60117	Host Sailor Ltd.	Host Sailor Ltd.	Host Sailor Ltd.	Amsterdam	NL	Netherlands
198.50.177.202	kvm002.opticalcube.com	16276	OVH SAS	OVH Hosting	OVH Hosting	Montreal	CA	Canada
213.202.214.148		24961	myLoc managed IT AG	myLoc managed IT AG	myLoc managed IT AG	Duisburg	DE	Germany
93.115.38.141	hosted-by.securefastserver.com	44901	BelCloud Hosting Corporation	BelCloud Hosting Corporation	BelCloud Hosting Corporation	Sofia	BG	Bulgaria
153.92.127.138		63473	HostHatch, Inc	HostHatch	HostHatch	Amsterdam	NL	Netherlands
95.153.31.53	accountsgooglemail.com	39301	Tele2 SWIPnet	Tele2 SWIPnet	Tele2 SWIPnet		EE	Estonia
104.207.130.126	104.207.130.126.vultr.com	20473	Choopa, LLC	Choopa, LLC	Choopa, LLC	Frankfurt am Main	DE	Germany
103.41.177.77		60781	LeaseWeb Netherlands B.V.	RedSwitches Pty	RedSwitches Pty	Melbourne	AU	Australia
131.72.138.33		60117	Host Sailor Ltd.	Host Sailor Ltd.	Host Sailor Ltd.	Amsterdam	NL	Netherlands
185.86.148.111		52173	Makonix SIA	Makonix SIA	Makonix SIA		SE	Sweden
185.86.149.223		52173	Makonix SIA	Makonix SIA	Makonix SIA		SE	Sweden
191.96.66.15	hosted-by.securefastserver.com	60458	Xtudio Networks S.L.U	Grupo Redservicio CA	Grupo Redservicio CA	Dusseldorf	DE	Germany
185.86.148.227		52173	Makonix SIA	Makonix SIA	Makonix SIA		SE	Sweden
213.179.207.166		49544	i3d B.V.	SolidHost	SolidHost	Deventer	NL	Netherlands
87.236.211.182		undefined	undefined	Aria Web Development LLC	Aria Web Development LLC	Manchester	GB	United Kingdom
89.46.101.79	no-rdns.free.clues.ro	9009	M247 Ltd	M247 Europe SRL	M247 Europe SRL		RO	Romania
89.32.40.4	hosted-by.securefastserver.com	29141	Bradler & Krantz GmbH & Co. KG	Bradler & Krantz GmbH & Co. KG	Bradler & Krantz GmbH & Co. KG	Dusseldorf	DE	Germany
128.199.108.0		133165	Digital Ocean, Inc.	DigitalOcean	DigitalOcean	Singapore	SG	Singapore
109.236.89.125	o619.estnoc.ee	49981	WorldStream B.V.	WorldStream B.V.	WorldStream B.V.	Heemstede	NL	Netherlands
92.114.92.125		49367	Seflow S.N.C. Di Marco Brame' & C.	Seflow S.N.C. Di Marco Brame' & C.	Seflow S.N.C. Di Marco Brame' & C.	Milan	IT	Italy
5.149.254.114	mail1.auditoriavanzada.info	59711	HZ Hosting Ltd	HZ Hosting Ltd	HZ Hosting Ltd		NL	Netherlands
146.0.74.7		57043	Hostkey B.v.	Hostkey B.v.	Hostkey B.v.		NL	Netherlands
5.9.32.230	static.230.32.9.5.clients.your-server.de	24940	Hetzner Online GmbH	Hetzner Online AG	Hetzner Online AG		DE	Germany
81.171.56.203	81-171-56-203.ipvanish.com	12989	Eweka Internet Services B.V.	IPVanish	IPVanish	Amsterdam	NL	Netherlands
151.80.220.34		16276	OVH SAS	OVH SAS	OVH SAS	Roubaix	FR	France
41.77.136.250	host-41.77.136.250.citynethost.com	33785	CITYNET	CityNet Hosting	CityNet Hosting	Cairo	EG	Egypt
131.72.138.99		60117	Host Sailor Ltd.	Host Sailor Ltd.	Host Sailor Ltd.	Amsterdam	NL	Netherlands
164.132.102.184	184.ip-164-132-102.eu	16276	OVH SAS	OVH SAS	OVH SAS		FR	France
185.86.149.97		52173	Makonix SIA	Makonix SIA	Makonix SIA		SE	Sweden
92.114.92.107		49367	Seflow S.N.C. Di Marco Brame' & C.	Seflow S.N.C. Di Marco Brame' & C.	Seflow S.N.C. Di Marco Brame' & C.	Milan	IT	Italy
185.82.202.174	starserver.zapto.org	60117	Host Sailor Ltd.	Host Sailor Ltd.	Host Sailor Ltd.	Amsterdam	NL	Netherlands
5.199.171.58	hosted-by.synwebhost.net	16125	UAB Cherry Servers	UAB Cherry Servers	UAB Cherry Servers		LT	Republic of Lithuania
217.23.12.10	customer.worldstream.nl	49981	WorldStream B.V.	WorldStream B.V.	WorldStream B.V.	Amsterdam	NL	Netherlands
5.56.133.125		35017	Swiftway Sp. z o.o.	Swiftway Evoswitch	Swiftway Evoswitch	Los Angeles	US	United States
185.7.34.251		60778	Netbrella Corporation	Netbrella Corporation	Netbrella Corporation		NL	Netherlands
5.1.82.130		34549	meerfarbig GmbH & Co. KG	meerfarbig GmbH & Co. KG	meerfarbig GmbH & Co. KG		DE	Germany
5.56.133.23	mx1.oralbs.com	35017	Swiftway Sp. z o.o.	Swiftway Evoswitch	Swiftway Evoswitch	Los Angeles	US	United States
212.47.194.250		3327	Linx Telecommunications B.V.	Linx Telecommunications B.V.	Linx Telecommunications B.V.	Tallinn	EE	Estonia
185.77.128.27		201630	Qhoster Ltd.	Qhoster Ltd.	Qhoster Ltd.	Utrecht	NL	Netherlands
142.10.38.212		undefined	undefined	Ontario Hydro	Ontario Hydro	Toronto	CA	Canada
86.105.18.111	highcomission.org	49981	WorldStream B.V.	WorldStream B.V.	WorldStream B.V.	Naaldwijk	NL	Netherlands
198.105.125.74		undefined	undefined	APEXY	APEXY	Frankfurt am Main	DE	Germany
192.198.82.58		31863	Centrilogic, Inc.	Centrilogic	Centrilogic	Lenoir	US	United States
31.220.43.99	hosted-by.hosthatch.com	63473	HostHatch, Inc	HostHatch	HostHatch	Amsterdam	NL	Netherlands
80.255.12.232		201011	AS33891 Netzbetrieb GmbH	Core-Backbone GmbH	Core-Backbone GmbH		DE	Germany
62.113.238.165	hosted-by.securefastserver.com	47447	23Media GmbH	23Media GmbH	23Media GmbH		DE	Germany
5.1.82.140		34549	meerfarbig GmbH & Co. KG	meerfarbig GmbH & Co. KG	meerfarbig GmbH & Co. KG		DE	Germany
121.243.46.164		4755	TATA Communications formerly VSNL is Leading ISP	Tata Communications	Tata Communications	Bengaluru	IN	India
185.100.86.122	srv6.tellsyourstory1.com	200651	FlokiNET ehf	FlokiNET ehf	FlokiNET ehf	Helsinki	FI	Finland
5.135.199.28		16276	OVH SAS	OVH SAS	OVH SAS		FR	France
104.93.114.201	a104-93-114-201.deploy.static.akamaitechnologies.com	17974	PT Telekomunikasi Indonesia	Akamai Technologies	Akamai Technologies	Cambridge	US	United States
185.100.84.254		200651	FlokiNET ehf	FlokiNET ehf	FlokiNET ehf	Bucharest	RO	Romania
202.158.120.51	ip120-51.cbn.net.id	4787	PT Cyberindo Aditama	PT. Cyberindo Aditama	PT. Cyberindo Aditama	Jakarta	ID	Indonesia
153.214.197.133	p6133-ipngn8401marunouchi.tokyo.ocn.ne.jp	4713	NTT Communications Corporation	Open Computer Network	Open Computer Network	Tokyo	JP	Japan
203.190.241.33		24211	PT. Detik Ini JUga	PT. Detik Ini JUga	PT. Detik Ini JUga	Jakarta	ID	Indonesia
185.76.35.11		50597	ScopeSky Communication and Internet Ltd.	ScopeSky Communication and Internet Ltd.	ScopeSky Communication and Internet Ltd.		IQ	Iraq
185.76.35.10	win2.scisiraq.net	50597	ScopeSky Communication and Internet Ltd.	ScopeSky Communication and Internet Ltd.	ScopeSky Communication and Internet Ltd.		IQ	Iraq
89.45.67.6	mail.playcee.com	44901	BelCloud Hosting Corporation	BelCloud Hosting Corporation	BelCloud Hosting Corporation	Sofia	BG	Bulgaria
91.1.1.1	p5B010101.dip0.t-ipconnect.de	3320	Deutsche Telekom AG	Deutsche Telekom AG	Deutsche Telekom AG	Gevelsberg	DE	Germany
178.32.251.109		16276	OVH SAS	OVH SAS	OVH SAS		FR	France
163.177.65.209		17623	China Unicom Shenzen network	China Unicom Shenzen network	China Unicom Shenzen network	Guangzhou	CN	China
175.126.148.37		9318	SK Broadband Co Ltd	SK Broadband	SK Broadband		KR	Republic of Korea
5.212.1.1		197207	Mobile Communication Company of Iran PLC	LTE	LTE		IR	Iran
62.1.1.1		1241	Forthnet	SERVERS DC	SERVERS DC		GR	Greece
43.1.1.1		undefined	undefined	Chiyoda-ku	Chiyoda-ku	Tokyo	JP	Japan
42.1.1.1		undefined	undefined	China Telecom Guangdong	China Telecom Guangdong	Guangzhou	CN	China
1.112.1.1	em1-112-1-1.pool.e-mobile.ne.jp	37903	Ymobile Corporation	Ymobile Corporation	Ymobile Corporation		JP	Japan
91.219.238.231	sa0920.azar-a.net	56322	ServerAstra Kft.	ServerAstra Kft.	ServerAstra Kft.		HU	Hungary
41.212.1.1	po-0-0-0.edge1.uk-ln-TH-E.wananchi.com	15399	WANANCHI-KE	Wananchi-ke	Wananchi-ke		KE	Kenya
1.212.1.1		3786	LG DACOM Corporation	LG DACOM Corporation	LG DACOM Corporation	Seoul	KR	Republic of Korea
194.187.249.87		9009	M247 Ltd	M247 Ltd France Network	M247 Ltd France Network		FR	France
211.194.50.61		4766	Korea Telecom	Korea Telecom	Korea Telecom	Gwangju	KR	Republic of Korea
182.16.23.41		45753	NETSEC NOC	Netsec Noc	Netsec Noc	Cheung Sha Wan	HK	Hong Kong
125.181.204.230		17858	LG POWERCOMM	Lg Powercomm	Lg Powercomm	Cheongju-si	KR	Republic of Korea
5.135.65.146		16276	OVH SAS	OVH SAS	OVH SAS		FR	France
89.163.142.94		13301	United Gameserver GmbH	myLoc managed IT AG	myLoc managed IT AG		DE	Germany
178.162.193.233		28753	Leaseweb Deutschland GmbH	Leaseweb Deutschland GmbH	Leaseweb Deutschland GmbH		DE	Germany
221.138.128.116		9318	SK Broadband Co Ltd	SK Broadband	SK Broadband	Seoul	KR	Republic of Korea
185.100.86.155		200651	FlokiNET ehf	FlokiNET ehf	FlokiNET ehf	Helsinki	FI	Finland
151.236.195.105		43994	Smartnet Too	Smartnet Too	Smartnet Too	Astana	KZ	Kazakhstan
175.105.185.86	86.185.105.175.ap.yournet.ne.jp	10013	FreeBit Co.,Ltd.	FreeBit Co.,Ltd.	FreeBit Co.,Ltd.	Kyoto	JP	Japan
219.249.95.108		9318	SK Broadband Co Ltd	SK Broadband	SK Broadband	Busan	KR	Republic of Korea
46.165.197.1		28753	Leaseweb Deutschland GmbH	Leaseweb Deutschland GmbH	Leaseweb Deutschland GmbH		DE	Germany
211.226.72.236		4766	Korea Telecom	Korea Telecom	Korea Telecom	Anyang-si	KR	Republic of Korea
203.218.5.241	pcd160241.netvigator.com	4760	PCCW Limited	Netvigator	Netvigator	Central District	HK	Hong Kong
149.202.17.236	ip236.ip-149-202-17.eu	16276	OVH SAS	OVH SAS	OVH SAS		FR	France
125.129.112.29		4766	Korea Telecom	Korea Telecom	Korea Telecom	Seoul	KR	Republic of Korea
193.24.208.113		12586	GHOSTnet GmbH	ISP4P IT Services	ISP4P IT Services		DE	Germany
193.238.157.16	marvin.funkfeuer.at	35492	Verein zur Foerderung freier Netze (ZVR: 814804682)	Verein zur Foerderung freier Netze (ZVR: 814804682	Verein zur Foerderung freier Netze (ZVR: 814804682	Vienna	AT	Austria
193.24.240.200	netcacti.powernet.bg	8877	Lir.bg EOOD	Lir.bg EOOD	Lir.bg EOOD		BG	Bulgaria
207.176.226.8	collector.rigstar.ca	36698	Fatbanana Broadband Inc.	Fatbanana Broadband	Fatbanana Broadband	Calgary	CA	Canada
69.70.199.50	50-199.ff.whitebirchpaper.com	5769	Videotron Telecom Ltee	Videotron Ltee	Videotron Ltee	Kamouraska	CA	Canada
81.95.126.15		42160	lcp nv	lcp nv	lcp nv	Bruges	BE	Belgium
66.158.142.2	ffs-sec-142-2.cust.b2b2c.ca	16532	B2B2C Inc	B2B2C	B2B2C	Montreal	CA	Canada
122.228.89.137		4134	Chinanet	China Telecom Wenzhou	China Telecom Wenzhou	Wenzhou	CN	China
103.41.52.39		4808	China Unicom Beijing Province Network	China Unicom Beijing	China Unicom Beijing	Beijing	CN	China
122.228.113.135		4134	Chinanet	China Telecom Wenzhou	China Telecom Wenzhou	Guangzhou	CN	China
116.211.105.140		58563	CHINANET Hubei province network	China Telecom Hubei	China Telecom Hubei	Wuhan	CN	China
58.68.148.42		4808	China Unicom Beijing Province Network	China Unicom Beijing	China Unicom Beijing	Beijing	CN	China
103.41.52.37		4808	China Unicom Beijing Province Network	China Unicom Beijing	China Unicom Beijing	Beijing	CN	China
103.244.164.3		17638	ASN for TIANJIN Provincial Net of CT	TianJin Shengxin Tongda S&T Co.Ltd	TianJin Shengxin Tongda S&T Co.Ltd	Tianjin	CN	China
27.24.190.240		4134	Chinanet	China Telecom Hubei	China Telecom Hubei		CN	China
61.135.149.124		4808	China Unicom Beijing Province Network	China Unicom Beijing	China Unicom Beijing	Beijing	CN	China
60.190.22.202		4134	Chinanet	China Telecom Ningbo	China Telecom Ningbo	Ningbo	CN	China
60.191.139.86		4134	Chinanet	China Telecom Huzhou	China Telecom Huzhou	Hangzhou	CN	China
60.191.139.42		4134	Chinanet	China Telecom Huzhou	China Telecom Huzhou	Hangzhou	CN	China
61.144.244.217		4134	Chinanet	China Telecom Guangdong	China Telecom Guangdong	Shenzhen	CN	China
201.77.124.118	201-77-124-118.desktop.com.br	28649	Desktop Sigmanet Comunicação Multimídia Ltda	Desktop Sigmanet Comunicação Multimídia Ltda	Desktop Sigmanet Comunicação Multimídia Ltda	Sumare	BR	Brazil
123.81.251.190		9394	China TieTong Telecommunications Corporation	China TieTong	China TieTong	Beijing	CN	China
123.103.23.169	123.103.23.169-BJ-CNC	4808	China Unicom Beijing Province Network	China Unicom Beijing	China Unicom Beijing		CN	China
58.83.208.24		4847	China Networks Inter-Exchange	China Telecom Beijing	China Telecom Beijing	Beijing	CN	China
58.49.61.252		4134	Chinanet	China Telecom Hubei	China Telecom Hubei	Wuhan	CN	China
122.228.193.115		4134	Chinanet	China Telecom Zhejiang	China Telecom Zhejiang	Hangzhou	CN	China
58.250.19.237		17623	China Unicom Shenzen network	China Unicom Shenzen network	China Unicom Shenzen network	Shenzhen	CN	China
117.121.136.83		55998	CNLink Network Technology Ltd.	CNLink Network Technology	CNLink Network Technology	Beijing	CN	China
60.211.204.110		4837	CNCGROUP China169 Backbone	China Unicom Liaoning	China Unicom Liaoning	Wenshang	CN	China
122.192.65.73		4837	CNCGROUP China169 Backbone	China Unicom Liaoning	China Unicom Liaoning	Wuxi	CN	China
123.125.196.254		4808	China Unicom Beijing Province Network	China Unicom Beijing	China Unicom Beijing	Beijing	CN	China
117.34.88.250		4835	China Telecom (Group)	China Telecom (Group)	China Telecom (Group)	Xi'an	CN	China
103.226.132.7		4837	CNCGROUP China169 Backbone	Tianjin netword communication technology co.,ltd	Tianjin netword communication technology co.,ltd	Tianjin	CN	China
78.108.154.254	ip-78-108-154-254.klient.poruba.net	43203	TELCONET s.r.o.	PorubaNET	PorubaNET	Ostrava	CZ	Czechia
89.190.34.200		12570	itself s.r.o.	LICA s.r.o	LICA s.r.o	Nymburk	CZ	Czechia
81.210.129.164		6830	Liberty Global Operations B.V.	Unitymedia	Unitymedia	Dusseldorf	DE	Germany
217.79.188.43	mail3.adition.net	24961	myLoc managed IT AG	myLoc managed IT AG	myLoc managed IT AG		DE	Germany
42.51.11.66	htuidc.bgp.ip	56005	Henan Telcom Union Technology Co., LTD	Henan Telcom Union Technology Co.	Henan Telcom Union Technology Co.	Zhengzhou	CN	China
5.34.150.2	5.34.150.2.static.user.wimaxonline.es	199435	Wimax On Line, S.L.	wimaxonline	wimaxonline	Puerto Lumbreras	ES	Spain
217.13.56.9		31221	euclyde	euclyde	euclyde	Sophia Antipolis	FR	France
213.215.9.162	intra.deveryware.net	13193	Nerim SAS	Nerim SAS	Nerim SAS	Paris	FR	France
83.138.176.21	eacacti.cs.rackspace.com	15395	Rackspace Ltd.	Rackspace Media Services Production IP Space	Rackspace Media Services Production IP Space		GB	United Kingdom
62.193.51.144	62-193-51-144.as16211.net	16211	Stella Telecom SAS	Stella Telecom SAS	Stella Telecom SAS	Échirolles	FR	France
62.244.176.139		25180	Exponential-E Ltd.	Exponential-e	Exponential-e	London	GB	United Kingdom
147.102.10.1	platon.robotics.ece.ntua.gr	3323	National Technical University of Athens	National Technical University of Athens	National Technical University of Athens	Athens	GR	Greece
103.254.108.7		38197	Sun Network (Hong Kong) Limited - HongKong Backbone	Sun Network (Hong Kong) Limited - HongKong Backbon	Sun Network (Hong Kong) Limited - HongKong Backbon		HK	Hong Kong
27.111.202.78		17819	Equinix Asia Pacific	Equinix Hong Kong Limited	Equinix Hong Kong Limited	Central District	HK	Hong Kong
94.126.8.21	94-126-8-21.wifiweb.it	47927	WIFIWEB s.r.l.	WIFIWEB s.r.l.	WIFIWEB s.r.l.	Bolzano Vicentino	IT	Italy
58.80.109.59	tk4old.cacti.ssilab.net	17506	UCOM Corp.	ARTERIA Networks Corporation	ARTERIA Networks Corporation	Suita	JP	Japan
2.189.142.80		197343	Toloe Rayaneh Loghman Educational and Cultural Co.	Toloe Rayaneh Loghman	Toloe Rayaneh Loghman	Ahvaz	IR	Iran
103.38.193.6	cacti-sa.unisel.edu.my	132890	IP Core Sdn Bhd	IP Core Sdn Bhd	IP Core Sdn Bhd	Shah Alam	MY	Malaysia
91.241.33.73	91-241-33-73.internet.jettel.pl	59460	M3.NET Sp. zoo Sp. K.	M3.NET Sp. zoo Sp. K.	M3.NET Sp. zoo Sp. K.	Czechowice-Dziedzice	PL	Poland
203.169.48.15		4850	Digicom LLC	Digicom LLC	Digicom LLC	Ulan Bator	MN	Mongolia
69.89.37.90	www.gustavocorujo.com	11653	Puerto Rico Webmasters	Puerto Rico Webmasters	Puerto Rico Webmasters	San Juan	PR	Puerto Rico
69.89.37.91	main.sjibs.com	11653	Puerto Rico Webmasters	Puerto Rico Webmasters	Puerto Rico Webmasters	San Juan	PR	Puerto Rico
69.89.37.92	www.caribeprofessional.com	11653	Puerto Rico Webmasters	Puerto Rico Webmasters	Puerto Rico Webmasters	San Juan	PR	Puerto Rico
85.24.197.4	exasrv01.exalt.se	8473	Bahnhof Internet AB	Bahnhof Internet AB	Bahnhof Internet AB	Stockholm	SE	Sweden
86.127.210.14	grafice.galati.rdsnet.ro	8708	RCS & RDS	RCS & RDS Business	RCS & RDS Business	Galați	RO	Romania
202.28.194.6	weathermap.uni.net.th	4621	UNINET-TH	Uninet-th	Uninet-th		TH	Thailand
95.0.26.199	95.0.26.199.dynamic.ttnet.com.tr	9121	Turk Telekom	Turk Telekom	Turk Telekom	Bursa	TR	Turkey
202.28.103.150	netmon.stou.ac.th	17827	Sukhothai Thammathirat Open University	Sukhothai Thammathirat Open University	Sukhothai Thammathirat Open University	Nonthaburi	TH	Thailand
65.23.129.79		12025	IO Capital Princess, LLC	IO Capital Princess, LLC	IO Capital Princess, LLC	Hudson	US	United States
125.90.93.55		58543	Guangdong	China Telecom Guangdong	China Telecom Guangdong	Guangzhou	CN	China
122.147.230.8	122-147-230-8.static.sparqnet.net	9919	New Century InfoComm Tech Co., Ltd.	New Century InfoComm Tech Co.	New Century InfoComm Tech Co.	Taipei	TW	Taiwan
162.209.125.237		27357	Rackspace Hosting	Rackspace Cloud Servers	Rackspace Cloud Servers	San Antonio	US	United States
68.64.143.103		36473	BlackMesh Inc.	BlackMesh	BlackMesh		US	United States
162.209.125.127		27357	Rackspace Hosting	Rackspace Cloud Servers	Rackspace Cloud Servers	San Antonio	US	United States
93.184.215.200		15133	MCI Communications Services, Inc. d/b/a Verizon Business	Verizon Business	Verizon Business	Taylorsville	US	United States
69.25.242.15	outgoing2.onebox.com	26897	E D & F Man Capital Markets, Inc.	E D & F Man Capital Markets	E D & F Man Capital Markets		US	United States
65.36.205.1		20021	HostMySite	HostMySite	HostMySite	Newark	US	United States
216.58.216.174	sea15s02-in-f174.1e100.net	15169	Google Inc.	Google	Google	Mountain View	US	United States
67.52.39.166	rrcs-67-52-39-166.west.biz.rr.com	10796	Time Warner Cable Internet LLC	Time Warner Cable	Time Warner Cable	Pewaukee	US	United States
216.58.216.142	sea15s01-in-f14.1e100.net	15169	Google Inc.	Google	Google	Mountain View	US	United States
128.146.176.6	web02.ehe.osu.edu	159	The Ohio State University	The Ohio State University	The Ohio State University	Columbus	US	United States
64.79.108.197	64.79.108.197.rdns.vapornode.com	20278	Nexeon Technologies, Inc.	Nexeon Technologies	Nexeon Technologies	West Chicago	US	United States
69.10.162.154		4986	InterStar Network Services, Inc.	InterStar Network Services	InterStar Network Services	Redding	US	United States
64.27.12.41	unassigned.calpop.com	35916	MULTACOM CORPORATION	Multacom Corporation	Multacom Corporation	Los Angeles	US	United States
134.74.98.42	mk-test2.adm.ccny.cuny.edu	31822	City University of New York	City University of New York	City University of New York	New York	US	United States
69.30.251.29		32097	WholeSale Internet, Inc.	WholeSale Internet	WholeSale Internet	Kansas City	US	United States
69.30.251.28		32097	WholeSale Internet, Inc.	WholeSale Internet	WholeSale Internet	Kansas City	US	United States
69.30.251.27		32097	WholeSale Internet, Inc.	WholeSale Internet	WholeSale Internet	Kansas City	US	United States
199.59.148.23	r-199-59-148-23.twttr.com	13414	Twitter Inc.	Twitter	Twitter	Hesperia	US	United States
69.30.251.26		32097	WholeSale Internet, Inc.	WholeSale Internet	WholeSale Internet	Kansas City	US	United States
134.121.241.31	ss.connect.wsu.edu	11827	Washington State University	Washington State University	Washington State University	Pullman	US	United States
216.110.195.12	stats.douglasfast.net	13692	Douglas FastNet	Douglas FastNet	Douglas FastNet	Allegany	US	United States
74.208.191.194	3c-lxa.mail.com	8560	1&1 Internet SE	1&1 Internet AG	1&1 Internet AG	Wayne	US	United States
72.21.91.121		15133	MCI Communications Services, Inc. d/b/a Verizon Business	Verizon Business	Verizon Business		US	United States
69.63.147.49	ewhserver698.edgewebhosting.net	22903	Edge Hosting, LLC	Edge Hosting, LLC	Edge Hosting, LLC	Baltimore	US	United States
38.110.220.169		174	Cogent Communications	Cogent Communications	Cogent Communications	Houston	US	United States
74.208.191.202	navigator-lxa.mail.com	8560	1&1 Internet SE	1&1 Internet AG	1&1 Internet AG	Wayne	US	United States
69.89.191.8	cacti.oibw.com	46231	Omnicity, Inc.	Omnicity	Omnicity	Bluffton	US	United States
69.30.251.30		32097	WholeSale Internet, Inc.	WholeSale Internet	WholeSale Internet	Kansas City	US	United States
74.11.216.239		7029	Windstream Communications Inc	Windstream Communications	Windstream Communications	Fairfax	US	United States
74.217.184.206		11855	Internap Network Services Corporation	Internap Network Services Corporation	Internap Network Services Corporation		US	United States
66.196.116.112	pr.comet.vip.bf1.yahoo.com	26101	Yahoo!	Yahoo!	Yahoo!	Sunnyvale	US	United States
134.170.108.26	by3301-skpfe.onedrive.live.com	8075	Microsoft Corporation	Microsoft Corporation	Microsoft Corporation	San Jose	US	United States
98.138.199.240	ne1onepush.vip.ne1.yahoo.com	36646	Yahoo	Yahoo	Yahoo	Sunnyvale	US	United States
98.138.79.73	pr.comet.vip.ne1.yahoo.com	36646	Yahoo	Yahoo	Yahoo	Sunnyvale	US	United States
54.146.128.140	ec2-54-146-128-140.compute-1.amazonaws.com	14618	Amazon.com, Inc.	Amazon	Amazon	Ashburn	US	United States
162.209.125.247		27357	Rackspace Hosting	Rackspace Cloud Servers	Rackspace Cloud Servers	San Antonio	US	United States
65.55.252.43	msnbot-65-55-252-43.search.msn.com	8075	Microsoft Corporation	Microsoft Hosting	Microsoft Hosting	Redmond	US	United States
103.16.152.10	mrtg.bsccl.com	132602	Bangladesh Submarine Cable Company Limited (BSCCL)	Bangladesh Submarine Cable Company Limited (BSCCL)	Bangladesh Submarine Cable Company Limited (BSCCL)		BD	Bangladesh
186.215.192.2	candiota2.static.host.gvt.net.br	18881	TELEFÔNICA BRASIL S.A	PROCERGS - Cia de Processamento de Dados do RGS	PROCERGS - Cia de Processamento de Dados do RGS	Bagé	BR	Brazil
103.253.41.55		133398	Tele Asia Limited	Tele Asia Limited	Tele Asia Limited	Central District	HK	Hong Kong
72.30.196.161	bf1onepush.vip.bf1.yahoo.com	26101	Yahoo!	Yahoo!	Yahoo!	Sunnyvale	US	United States
103.23.136.10	cacti.mega.com.kh	132088	#86, Street 214	Sangkat Boeung Prolit	Sangkat Boeung Prolit	Phnom Penh	KH	Cambodia
60.12.119.222		4837	CNCGROUP China169 Backbone	China Unicom Zhejiang	China Unicom Zhejiang	Hangzhou	CN	China
58.68.148.37		4808	China Unicom Beijing Province Network	China Unicom Beijing	China Unicom Beijing	Beijing	CN	China
60.191.138.222		4134	Chinanet	China Telecom Huzhou	China Telecom Huzhou	Hangzhou	CN	China
210.14.70.140		17621	China Unicom Shanghai network	China Unicom Shanghai network	China Unicom Shanghai network	Shanghai	CN	China
60.18.131.233		4837	CNCGROUP China169 Backbone	China Unicom Liaoning	China Unicom Liaoning	Shenyang	CN	China
115.238.95.4		4134	Chinanet	China Telecom Hangzhou	China Telecom Hangzhou	Hangzhou	CN	China
60.18.147.185		4837	CNCGROUP China169 Backbone	China Unicom Liaoning	China Unicom Liaoning	Harbin	CN	China
103.38.43.207		4837	CNCGROUP China169 Backbone	China Unicom Liaoning	China Unicom Liaoning		CN	China
60.2.237.27		4837	CNCGROUP China169 Backbone	China Unicom Liaoning	China Unicom Liaoning	Yaocheng	CN	China
176.9.25.114	server.camelout.com	24940	Hetzner Online GmbH	Hetzner Online GmbH	Hetzner Online GmbH		DE	Germany
132.248.64.121	www.estadisticas.noc.unam.mx	278	Universidad Nacional Autonoma de Mexico	Universidad Nacional Autonoma de Mexico	Universidad Nacional Autonoma de Mexico	Coyoacan	MX	Mexico
148.202.105.33	33-105.servers.udg.mx	2549	Universidad de Guadalajara	Universidad de Guadalajara	Universidad de Guadalajara	Guadalajara	MX	Mexico
148.202.239.38	a.ns.ipv6.udg.mx	2549	Universidad de Guadalajara	Universidad de Guadalajara	Universidad de Guadalajara	Guadalajara	MX	Mexico
185.13.76.45	noc.tortosa.ebretic.com	199496	Ebretic Enginyeria Sl	Ebretic Enginyeria Sl	Ebretic Enginyeria Sl	Tortosa	ES	Spain
103.21.198.13		24155	Asia Pacific Broadband Wireless Communications Inc	Asia Pacific Broadband Wireless Communications	Asia Pacific Broadband Wireless Communications	Taipei	TW	Taiwan
101.64.234.86		4837	CNCGROUP China169 Backbone	UNICOM ZheJiang	UNICOM ZheJiang	Huzhou	CN	China
140.130.213.5	cacti.toko.edu.tw	1659	Taiwan Academic Network (TANet) Information Center	Taiwan Academic Network (TANet) Information Center	Taiwan Academic Network (TANet) Information Center		TW	Taiwan
122.155.194.125		9931	The Communication Authoity of Thailand, CAT	The Communication Authoity of Thailand, CAT	The Communication Authoity of Thailand, CAT	Nonthaburi	TH	Thailand
122.154.162.222		9931	The Communication Authoity of Thailand, CAT	The Communication Authoity of Thailand, CAT	The Communication Authoity of Thailand, CAT	Sing Buri	TH	Thailand
103.254.16.168		131397	Hanoi Medical University	Hanoi Medical University	Hanoi Medical University	Hanoi	VN	Vietnam
115.178.58.19	portal.awn.co.th	45458	SBN-ISP/AWN-ISP and SBN-NIX/AWN-NIX	AIS Mobile	AIS Mobile		TH	Thailand
42.112.33.43		18403	The Corporation for Financing & Promoting Technology	FPT Telecom Company	FPT Telecom Company	Hanoi	VN	Vietnam
212.113.32.242	212.113.32.242.dc.ukrtelecom.ua	6849	PJSC Ukrtelecom	Colocation services	Colocation services		UA	Ukraine
109.103.167.206		9050	Telekom Romania Communication S.A	Telekom Romania Communication S.A	Telekom Romania Communication S.A	Motru	RO	Romania
210.245.123.180	isp-www14.hcm.fpt.vn	18403	The Corporation for Financing & Promoting Technology	FPT Telecom Company	FPT Telecom Company	Ho Chi Minh City	VN	Vietnam
115.249.128.114		18101	Reliance Communications Ltd.DAKC MUMBAI	Reliance Communications	Reliance Communications	Mussoorie	IN	India
197.251.205.172		29614	VODAFONE GHANA AS INTERNATIONAL TRANSIT	Vodafone Ghana As International Transit	Vodafone Ghana As International Transit	Accra	GH	Ghana
5.40.21.27	5.40.21.27.static.user.ono.com	6739	Vodafone Ono, S.A.	Vodafone Ono	Vodafone Ono	Carbajosa de la Sagrada	ES	Spain
203.157.155.8		9835	Government Information Technology Services	Government Information Technology Services	Government Information Technology Services		TH	Thailand
79.143.111.228		15397	Telenor d.o.o. Podgorica	Telenor d.o.o. Podgorica	Telenor d.o.o. Podgorica	Podgorica	ME	Montenegro
93.171.203.244	rxbrothers.ru	50245	Serverel Corp	Miragroup ltd.	Miragroup ltd.		RU	Russia
58.20.114.95		4837	CNCGROUP China169 Backbone	China Unicom HuNan ChangSha network	China Unicom HuNan ChangSha network	Changsha	CN	China
94.242.251.32	server.upfile.biz	5577	root SA	root SA	root SA		LU	Luxembourg
85.25.100.104	luna432.startdedicated.de	8972	Host Europe GmbH	Host Europe GmbH	Host Europe GmbH	Hoest	DE	Germany
95.105.72.78	95.105.72.78.dynamic.ufanet.ru	24955	OJSC Ufanet	JSC Ufanet	JSC Ufanet	Ufa	RU	Russia
5.56.133.19		35017	Swiftway Sp. z o.o.	Swiftway Evoswitch	Swiftway Evoswitch	Los Angeles	US	United States
5.77.47.142		20860	Iomart	EUKHOST Ltd	EUKHOST Ltd		GB	United Kingdom
5.135.65.145		16276	OVH SAS	OVH SAS	OVH SAS		FR	France
5.28.62.85	tor.yrk.urgs.uk0.bigv.io	35425	Bytemark Limited	Bytemark Limited	Bytemark Limited			
5.135.158.101	cloud.tor.ninja	16276	OVH SAS	OVH SAS	OVH SAS			
5.157.38.34		60485	Inter Connects Inc	Inter Connects Inc	Inter Connects Inc		SE	Sweden
5.196.1.129	tor.thd.ninja	16276	OVH SAS	OVH SAS	OVH SAS			
5.249.145.164	torexit-readme.balist.es	31034	Aruba S.p.A.	Aruba S.p.A. - Cloud Services Farm	Aruba S.p.A. - Cloud Services Farm			
5.189.188.111	godiva.insane.us.to	51167	Contabo GmbH	Contabo GmbH	Contabo GmbH			
23.254.211.232	cvps12367872448.hostwindsdns.com	54290	Hostwinds LLC.	Hostwinds LLC.	Hostwinds LLC.			
27.50.94.251		45671	Servers Australia Pty Ltd	Servers Australia Pty	Servers Australia Pty	Brookvale	AU	Australia
31.148.219.50	jacobs.clientshostname.com	14576	Hosting Solution Ltd.	Hosting Solution	Hosting Solution		NL	Netherlands
31.16.91.237	ip1f105bed.dynamic.kabel-deutschland.de	31334	Vodafone Kabel Deutschland GmbH	Vodafone Kabel Deutschland	Vodafone Kabel Deutschland	Hamburg	DE	Germany
31.31.72.43		197019	WEDOS Internet, a.s.	WEDOS Internet, a.s.	WEDOS Internet, a.s.		CZ	Czechia
31.192.228.185	31-192-228-185-static.glesys.net	43948	GleSYS Internet Services AB	GleSYS Internet Services AB	GleSYS Internet Services AB		SE	Sweden
31.185.104.19	tor-exit-relay.anonymizing-proxy.digitalcourage.de	43847	Martin Prager trading as NbIServ	Martin Prager trading as NbIServ	Martin Prager trading as NbIServ			
31.210.125.99	31-210-125-99.turkrdns.com	197328	Inter Net Bilgisayar Turizm Tic Ltd Sti	Radore Veri Merkezi Hizmetleri A.S.	Radore Veri Merkezi Hizmetleri A.S.		TR	Turkey
37.48.109.107		60781	LeaseWeb Netherlands B.V.	LeaseWeb Netherlands B.V.	LeaseWeb Netherlands B.V.		NL	Netherlands
37.0.127.44		198310	Pallada Web Service LLC	Pallada Web Service LLC	Pallada Web Service LLC			
37.59.42.55	ns398717.ip-37-59-42.eu	16276	OVH SAS	OVH SAS	OVH SAS		FR	France
37.59.63.190	ns3100645.ip-37-59-63.eu	16276	OVH SAS	OVH SAS	OVH SAS			
37.59.123.142	142.ip-37-59-123.eu	16276	OVH SAS	OVH SAS	OVH SAS		FR	France
37.123.130.186	h-130-186.a2.corp.bahnhof.no	8473	Bahnhof Internet AB	Bahnhof Internet AB	Bahnhof Internet AB	Oslo	NO	Norway
37.187.7.74	justus.impium.de	16276	OVH SAS	OVH SAS	OVH SAS			
37.220.35.36		58073	YISP B.V.	YISP Colo	YISP Colo		NL	Netherlands
37.220.35.202	tor-exit.r3.apx.pub	58073	YISP B.V.	YISP Colo	YISP Colo			
37.123.130.176	h-130-176.a2.corp.bahnhof.no	8473	Bahnhof Internet AB	Bahnhof Internet AB	Bahnhof Internet AB	Oslo	NO	Norway
45.33.48.204	this-is-a-tor-exit-node-1.ntp1.pw	63949	Linode, LLC	Linode, LLC	Linode, LLC			
45.55.178.34		393406	Digital Ocean, Inc.	Digital Ocean	Digital Ocean	New York	US	United States
37.233.99.157	iceeecoldddd.billingeenvo.p3.tiktalik.io	198717	Techstorage sp. z o.o.	Techstorage sp. z o.o.	Techstorage sp. z o.o.			
45.56.90.85	li892-85.members.linode.com	63949	Linode, LLC	Linode, LLC	Linode, LLC			
45.62.255.94	c303049774-cloudpro-115586248.cloudatcost.com	55053	2267921 ONTARIO LTD	undefined	undefined		CA	Canada
45.79.85.112	li1184-112.members.linode.com	63949	Linode, LLC	Linode, LLC	Linode, LLC			
46.17.100.14	service1.merkefabrikken.com	57043	Hostkey B.v.	Hostkey B.v.	Hostkey B.v.		NL	Netherlands
46.28.110.136	normalcitizen.spirosandreou.com	197019	WEDOS Internet, a.s.	WEDOS Internet, a.s.	WEDOS Internet, a.s.			
46.28.68.158	exit2.tor-proxy.net.ua	15626	ITL Company	Uaservers Network	Uaservers Network		UA	Ukraine
46.39.102.250	customer-46-39-102-250.stosn.net	50821	Stockholms Stadsnat AB	Stockholms Stadsnat AB	Stockholms Stadsnat AB			
63.214.136.153		3356	Level 3 Communications, Inc.	Level 3 Communications	Level 3 Communications		US	United States
35.0.127.52	tor-exit.eecs.umich.edu	237	Merit Network Inc.	University of Michigan	University of Michigan			
46.105.100.149	secreto21.idfnv.net	16276	OVH SAS	OVH SAS	OVH SAS			
46.165.223.217	tor-elpresidente.piraten-nds.de	28753	Leaseweb Deutschland GmbH	Leaseweb Deutschland GmbH	Leaseweb Deutschland GmbH			
46.165.228.119	de3x.mullvad.net	28753	Leaseweb Deutschland GmbH	Leaseweb Deutschland GmbH	Leaseweb Deutschland GmbH		DE	Germany
46.165.196.229		28753	Leaseweb Deutschland GmbH	Leaseweb Deutschland GmbH	Leaseweb Deutschland GmbH		DE	Germany
46.165.230.5	tor-exit.dhalgren.org	28753	Leaseweb Deutschland GmbH	Leaseweb Deutschland GmbH	Leaseweb Deutschland GmbH			
46.166.137.240		43350	NForce Entertainment B.V.	NFOrce Entertainment B.V.	NFOrce Entertainment B.V.		NL	Netherlands
46.101.138.211		201229	Digital Ocean, Inc.	DigitalOcean	DigitalOcean	Frankfurt am Main	DE	Germany
46.182.106.190	tor-exit.critical.cat	58073	YISP B.V.	YISP B.V.	YISP B.V.			
46.242.66.240	broadband-46-242-66-240.nationalcablenetworks.ru	42610	PJSC Rostelecom	Rostelecom	Rostelecom	Moscow	RU	Russia
50.7.176.2		174	Cogent Communications	FDCservers.net	FDCservers.net	Amsterdam	NL	Netherlands
51.254.215.7	7.ip-51-254-215.eu	16276	OVH SAS	OVH SAS	OVH SAS		FR	France
51.255.33.0	tor-exit.talyn.se	16276	OVH SAS	OVH SAS	OVH SAS			
51.255.38.226	226.ip-51-255-38.eu	16276	OVH SAS	OVH SAS	OVH SAS		FR	France
46.29.248.238		57858	Inter Connects Inc	Inter Connects Inc	Inter Connects Inc			
52.29.252.84	ec2-52-29-252-84.eu-central-1.compute.amazonaws.com	16509	Amazon.com, Inc.	Amazon.com	Amazon.com	Frankfurt am Main	DE	Germany
51.255.202.66	tor2.asmer.com.ua	16276	OVH SAS	OVH SAS	OVH SAS			
62.210.129.246	relay1.tor.openinternet.io	12876	Online S.a.s.	ONLINE SAS	ONLINE SAS			
62.210.105.116	62-210-105-116.rev.poneytelecom.eu	12876	Online S.a.s.	ONLINE SAS	ONLINE SAS			
62.149.25.15	shurra3.vds.colocall.com	15497	Colocall Ltd.	Colocall Ltd.	Colocall Ltd.		UA	Ukraine
62.102.148.67		51815	IP-Only Networks AB	Kustbandet AB	Kustbandet AB			
63.141.226.34	bebekduskunu.com	33387	DataShack, LC	DataShack, LC	DataShack, LC	Kansas City	US	United States
64.27.17.140	unassigned.calpop.com	35916	MULTACOM CORPORATION	Multacom Corporation	Multacom Corporation			
64.113.32.29	tor.t-3.net	15154	Specialized Bulletin Board Systems	Specialized Bulletin Board Systems	Specialized Bulletin Board Systems			
64.137.215.208	c918085954-cloudpro-515288148.cloudatcost.com	55053	2267921 ONTARIO LTD	KW Datacenter	KW Datacenter	Kitchener	CA	Canada
65.19.167.130		6939	Hurricane Electric, Inc.	Hurricane Electric	Hurricane Electric			
65.19.167.131		6939	Hurricane Electric, Inc.	Hurricane Electric	Hurricane Electric			
65.158.81.132		209	Qwest Communications Company, LLC	CenturyLink	CenturyLink	Denver	US	United States
65.19.167.132		6939	Hurricane Electric, Inc.	Hurricane Electric	Hurricane Electric			
65.181.112.128		25653	FortressITX	FortressITX	FortressITX			
66.180.193.219	tor-proxy.die.net	11051	Cyberverse, Inc.	Cyberverse	Cyberverse			
69.162.139.9	readme.tor.camolist.com	32748	Steadfast	Steadfast	Steadfast			
72.52.75.27	pie-vpc-006.pie-coop.net	6939	Hurricane Electric, Inc.	Hurricane Electric	Hurricane Electric			
79.172.193.32	toreador.webenlet.hu	29278	Deninet KFT	Deninet KFT	Deninet KFT			
79.98.107.90		197216	Delta Softmedia Ltd.	Delta.bg Dh Services	Delta.bg Dh Services	Sofia	BG	Bulgaria
80.240.139.111	tor.idolf.dk	200130	Digital Ocean, Inc.	Digital Ocean	Digital Ocean			
80.67.172.162	algrothendieck.globenet.org	20766	Association Gitoyen	Association Gitoyen	Association Gitoyen			
80.221.159.67	dsl-olubrasgw1-50dd9f-67.dhcp.inet.fi	1759	TeliaSonera Finland Oyj	TeliaSonera Finland Oyj	TeliaSonera Finland Oyj		FI	Finland
80.244.81.191	80-244-81-191.customer.t3.se	28908	Telecom3 Sverige AB	LAN clients in UMEA	LAN clients in UMEA	Umeå	SE	Sweden
81.7.15.115	81-7-15-115.blue.kundencontroller.de	35366	ISPpro Internet KG	ISPpro Internet KG	ISPpro Internet KG		DE	Germany
82.163.79.61		13213	UK-2 Limited	UK2.NET	UK2.NET			
81.170.184.90	h-184-90.a322.priv.bahnhof.se	8473	Bahnhof Internet AB	Bahnhof Internet AB	Bahnhof Internet AB	Gävle	SE	Sweden
79.134.234.247	sunfire-cape.gate.wayne-enterprises.company	6775	Andreas Fink trading as Fink Telecom Services	Andreas Fink trading as Fink Telecom Services	Andreas Fink trading as Fink Telecom Services			
82.221.129.96	credits-2win.net	50613	Thor Data Center ehf	Advania hf.	Advania hf.			
82.211.19.129	server1.dxxmail.com	31400	Accelerated IT Services GmbH	Accelerated IT Services GmbH	Accelerated IT Services GmbH			
82.211.19.143	server5.4pc.eu	31400	Accelerated IT Services GmbH	Accelerated IT Services GmbH	Accelerated IT Services GmbH			
82.221.139.25	ded31663.iceservers.net	50613	Thor Data Center ehf	Advania hf.	Advania hf.			
84.251.91.165	dsl-olubrasgw1-54fb5b-165.dhcp.inet.fi	1759	TeliaSonera Finland Oyj	TeliaSonera Finland Oyj	TeliaSonera Finland Oyj	Haukipudas	FI	Finland
85.25.103.119	static-ip-85-25-103-119.inaddr.ip-pool.com	8972	Host Europe GmbH	HEG Mass	HEG Mass			
84.200.56.34		31400	Accelerated IT Services GmbH	Accelerated IT Services GmbH	Accelerated IT Services GmbH			
85.159.237.210		43350	NForce Entertainment B.V.	NFOrce Entertainment B.V.	NFOrce Entertainment B.V.			
87.120.254.200		34224	Neterra Ltd.	Neterra Ltd.	Neterra Ltd.		BG	Bulgaria
85.143.219.211	tor-exit.demfloro.ru	201848	Trader soft LLC	Trader soft LLC	Trader soft LLC			
88.150.157.14		20860	Iomart	Redstation Limited	Redstation Limited		GB	United Kingdom
88.198.14.171	tor1.piratenpartei-bayern.de	24940	Hetzner Online GmbH	Hetzner Online AG	Hetzner Online AG	Nuremberg	DE	Germany
89.31.57.5	dreamatorium.badexample.net	201401	Unithost Internet B.V.	Unithost Internet B.V.	Unithost Internet B.V.			
89.33.246.114		9009	M247 Ltd	M247 Europe SRL	M247 Europe SRL		RO	Romania
88.80.7.5	host-88-80-7-5.cust.prq.se	33837	PeRiQuito AB	Prq - Pop Sth	Prq - Pop Sth			
89.34.237.12	ops243.thememorablepeople.com	25198	Netaction Telecom Srl-d	Netaction Telecom Srl-d	Netaction Telecom Srl-d	Lipova	RO	Romania
89.34.237.11		25198	Netaction Telecom Srl-d	Netaction Telecom Srl-d	Netaction Telecom Srl-d	Lipova	RO	Romania
85.248.227.164		5578	BENESTRA, s.r.o.	BENESTRA, s.r.o.	BENESTRA, s.r.o.			
89.34.237.101		25198	Netaction Telecom Srl-d	Netaction Telecom Srl-d	Netaction Telecom Srl-d			
89.35.178.104		16125	UAB Cherry Servers	UAB Cherry Servers	UAB Cherry Servers			
89.163.237.45	tor1.mysec-arch.net	24961	myLoc managed IT AG	myLoc managed IT AG	myLoc managed IT AG		DE	Germany
89.163.135.98		13301	United Gameserver GmbH	myLoc managed IT AG	myLoc managed IT AG		DE	Germany
85.248.227.165		5578	BENESTRA, s.r.o.	BENESTRA, s.r.o.	BENESTRA, s.r.o.			
89.187.142.208	exit1.torproxy.org	35592	Coolhousing s.r.o.	Coolhousing s.r.o.	Coolhousing s.r.o.			
91.108.183.170		60485	Inter Connects Inc	Inter Connects Inc	Inter Connects Inc		SE	Sweden
89.187.144.122	cz.tor-exit.neelc.org	35592	Coolhousing s.r.o.	Coolhousing s.r.o.	Coolhousing s.r.o.			
89.248.162.179		29073	Quasi Networks LTD.	Novogara LTD	Novogara LTD		SC	Seychelles
91.121.230.209	exit0.radia.tor-relays.net	16276	OVH SAS	University of New South Wales Tim Wilson-Brown	University of New South Wales Tim Wilson-Brown		FR	France
91.134.232.63	srv92.meetmenow69.com	16276	OVH SAS	OVH SAS	OVH SAS		FR	France
91.146.121.3	tor-exit.brmlab.cz	198031	Trustica s.r.o.	Trustica s.r.o.	Trustica s.r.o.			
91.219.236.136	sa0786.azar-a.net	56322	ServerAstra Kft.	ServerAstra Kft.	ServerAstra Kft.			
91.213.8.236	torsrvs.snydernet.net	48031	PE Ivanov Vitaliy Sergeevich	Hosting Solutions Ltd.	Hosting Solutions Ltd.			
91.213.8.84	torsrvn.snydernet.net	48031	PE Ivanov Vitaliy Sergeevich	Hosting Solutions Ltd.	Hosting Solutions Ltd.			
91.213.8.235		48031	PE Ivanov Vitaliy Sergeevich	Hosting Solutions Ltd.	Hosting Solutions Ltd.			
91.219.236.218	tor-exit-01.1d4.us	56322	ServerAstra Kft.	ServerAstra Kft.	ServerAstra Kft.			
91.219.236.222	no-hostname.azar-a.net	56322	ServerAstra Kft.	ServerAstra Kft.	ServerAstra Kft.			
91.228.151.52	tor-exit.rommelbak.nl	31019	Paulus M. Hoogsteder trading as Meanie	Paulus M. Hoogsteder trading as Meanie	Paulus M. Hoogsteder trading as Meanie		NL	Netherlands
91.229.77.64	64-77-229-91.deltahost.com.ua	42331	PE Freehost	FOP Zemlyaniy Dmitro Leonidovich	FOP Zemlyaniy Dmitro Leonidovich			
92.222.6.12	tor.xx.or.at	16276	OVH SAS	OVH SAS	OVH SAS			
92.222.103.234	tor-exit.insane.us.to	16276	OVH SAS	OVH SAS	OVH SAS	Paris	FR	France
93.115.95.201	lh28409.voxility.net	3223	Voxility S.R.L.	Voxility Srl	Voxility Srl			
93.115.95.202	lh28409.voxility.net	3223	Voxility S.R.L.	Voxility Srl	Voxility Srl			
93.115.95.205	lh28409.voxility.net	3223	Voxility S.R.L.	Voxility Srl	Voxility Srl		RO	Romania
93.115.241.194	host.infinitesoftsolutions.com	41011	Ch-net S.r.l.	Ch-net S.r.l.	Ch-net S.r.l.		RO	Romania
93.174.90.30	2.shulgin.nl.torexit.haema.co.uk	29073	Quasi Networks LTD.	Quasi Networks LTD.	Quasi Networks LTD.		SC	Seychelles
93.174.93.133	no-reverse-dns-configured.com	29073	Quasi Networks LTD.	Novogara LTD	Novogara LTD			
93.219.113.201	p5DDB71C9.dip0.t-ipconnect.de	3320	Deutsche Telekom AG	Deutsche Telekom AG	Deutsche Telekom AG	Berlin	DE	Germany
93.184.66.227	torsrva.snydernet.net	29405	VNET a.s.	VNET a.s	VNET a.s	Bratislava	SK	Slovak Republic
94.26.140.150	94-26-140-150.arbital.ru	44068	Style-Com	Style-Com	Style-Com			
94.102.49.64	fitamazing.com	29073	Quasi Networks LTD.	Novogara LTD	Novogara LTD		SC	Seychelles
94.102.49.175	tor-exit.nip.su	29073	Quasi Networks LTD.	Novogara LTD	Novogara LTD		SC	Seychelles
94.102.53.177		29073	Quasi Networks LTD.	Quasi Networks LTD.	Quasi Networks LTD.		SC	Seychelles
94.142.242.84	tor-exit-1.zenger.nl	8283	Netwerkvereniging Coloclue	Netwerkvereniging Coloclue	Netwerkvereniging Coloclue			
94.242.195.186	ip-static-94-242-195-186.server.lu	5577	root SA	root SA	root SA		LU	Luxembourg
94.242.222.23	ip-static-94-242-222-23.server.lu	5577	root SA	root SA	root SA		LU	Luxembourg
94.242.239.162	ip-static-94-242-239-162.server.lu	5577	root SA	root SA	root SA		LU	Luxembourg
95.130.11.147	tor-exit-readme.manalyzer.org	196689	Digicube sas	Hosting Customers	Hosting Customers			
95.211.205.151	sh3llbox.hu	60781	LeaseWeb Netherlands B.V.	LeaseWeb Netherlands B.V.	LeaseWeb Netherlands B.V.			
97.74.237.196	ip-97-74-237-196.ip.secureserver.net	26496	GoDaddy.com, LLC	GoDaddy.com, LLC	GoDaddy.com, LLC			
94.254.2.71	h-2-71.a185.priv.bahnhof.se	8473	Bahnhof Internet AB	Bahnhof Internet AB	Bahnhof Internet AB	Kristianstad	SE	Sweden
95.163.107.15		12695	JSC Digital Network	JSC Digital Network	JSC Digital Network		RU	Russia
104.237.152.195	drew010-relay01.drew-phillips.com	63949	Linode, LLC	Linode	Linode			
104.128.161.233	host-104-128-161-233.VALOLT4.epbfi.com	26827	EPB Fiber Optics	EPB Fiber Optics	EPB Fiber Optics	Chattanooga	US	United States
106.187.37.101	tor.xz.je	2516	KDDI CORPORATION	Linode	Linode			
107.182.131.117	tor3.dpsi.jp	62638	Query Foundry, LLC	Query Foundry, LLC	Query Foundry, LLC			
107.181.174.84	us-west.tor-exit.neelc.org	46562	Total Server Solutions L.L.C.	Total Server Solutions L.L.C.	Total Server Solutions L.L.C.			
108.28.164.248	pool-108-28-164-248.washdc.fios.verizon.net	701	MCI Communications Services, Inc. d/b/a Verizon Business	Verizon Fios	Verizon Fios	Centreville	US	United States
108.166.168.158	tor.exit-no.de	13354	EBL Global Networks, Inc.	EBL Global Networks	EBL Global Networks	Garland	US	United States
101.98.11.146	proxysrv1.flat33.co.nz	9790	CallPlus Services Limited	CallPlus Services Limited	CallPlus Services Limited	Auckland	NZ	New Zealand
109.163.234.5	hessel3.torservers.net	3223	Voxility S.R.L.	Voxility S.R.L.	Voxility S.R.L.			
109.201.133.100		43350	NForce Entertainment B.V.	NFOrce Entertainment B.V.	NFOrce Entertainment B.V.			
109.74.151.149	torsrvu.snydernet.net	29405	VNET a.s.	VNET a.s.	VNET a.s.	Bratislava	SK	Slovak Republic
109.163.234.8	edwardsnowden1.torservers.net	3223	Voxility S.R.L.	Voxility S.R.L.	Voxility S.R.L.			
109.201.152.246	tsn109-201-152-246.dyn.nltelcom.net	43350	NForce Entertainment B.V.	NFOrce Entertainment B.V.	NFOrce Entertainment B.V.	Rozendaal	NL	Netherlands
120.29.217.46		6453	TATA COMMUNICATIONS (AMERICA) INC	Tata Communications (america)	Tata Communications (america)			
128.52.128.105	tor-exit.csail.mit.edu	3	Massachusetts Institute of Technology	Massachusetts Institute of Technology	Massachusetts Institute of Technology			
128.153.145.125	tor-exit.cslabs.clarkson.edu.145.153.128.in-addr.arpa	92	Clarkson University	Clarkson University	Clarkson University			
139.59.9.200		135340	Digital Ocean, Inc.	Digital Ocean	Digital Ocean	Bengaluru	IN	India
146.185.135.43		undefined	undefined	Digital Ocean	Digital Ocean	Amsterdam	NL	Netherlands
146.185.177.103	tor-exit.ohdoom.net	undefined	undefined	Digital Ocean	Digital Ocean			
149.56.223.241	exit0.liskov.tor-relays.net	16276	OVH SAS	OVH Hosting	OVH Hosting			
148.251.255.92	tor-exit.gcpd.biz	24940	Hetzner Online GmbH	HETZNER	HETZNER			
149.56.229.17	3.tor.exit.babylon.network	16276	OVH SAS	OVH Hosting	OVH Hosting			
146.0.77.50		57043	Hostkey B.v.	Hostkey B.v.	Hostkey B.v.		NL	Netherlands
149.202.42.188	188.ip-149-202-42.eu	16276	OVH SAS	OVH SAS	OVH SAS		FR	France
149.202.47.181	dourneau.me	16276	OVH SAS	OVH SAS	OVH SAS		FR	France
149.202.62.12	12.ip-149-202-62.eu	16276	OVH SAS	OVH SAS	OVH SAS		FR	France
91.219.236.232	senai.commerceplanpartner.com	56322	ServerAstra Kft.	ServerAstra Kft.	ServerAstra Kft.			
151.100.179.50		137	Consortium GARR	Universita' degli Studi di Roma La Sapienza	Universita' degli Studi di Roma La Sapienza	Rome	IT	Italy
151.236.23.54	54-23-236-151.static.edis.at	39020	Comvive Servidores S.L.	EDIS GmbH	EDIS GmbH		AT	Austria
158.69.172.225	tronhinavi.com	16276	OVH SAS	OVH Hosting	OVH Hosting	Montreal	CA	Canada
158.58.170.222	sf04.trophic.club	49367	Seflow S.N.C. Di Marco Brame' & C.	Fastserver & eCloud Virtual Datacenter	Fastserver & eCloud Virtual Datacenter	Milan	IT	Italy
158.58.170.186		49367	Seflow S.N.C. Di Marco Brame' & C.	Fastserver & eCloud Virtual Datacenter	Fastserver & eCloud Virtual Datacenter	Milan	IT	Italy
158.69.194.36	36.ip-158-69-194.net	16276	OVH SAS	OVH Hosting	OVH Hosting	Montreal	CA	Canada
158.69.208.131	131.ip-158-69-208.net	16276	OVH SAS	OVH Hosting	OVH Hosting	Montreal	CA	Canada
158.130.0.242	tor-exit-node.seas.upenn.edu	55	University of Pennsylvania	University of Pennsylvania	University of Pennsylvania			
162.247.72.27	turing.tor-exit.calyxinstitute.org	4224	The Calyx Institute	The Calyx Institute	The Calyx Institute			
162.244.25.249	c1104293-2938.cloudatcost.com	55053	2267921 ONTARIO LTD	KW Datacenter	KW Datacenter	Kitchener	CA	Canada
162.247.72.199	jaffer.tor-exit.calyxinstitute.org	4224	The Calyx Institute	The Calyx Institute	The Calyx Institute			
162.247.72.200	kiriakou.tor-exit.calyxinstitute.org	4224	The Calyx Institute	The Calyx Institute	The Calyx Institute			
162.247.72.201	kunstler.tor-exit.calyxinstitute.org	4224	The Calyx Institute	The Calyx Institute	The Calyx Institute			
162.247.72.202	djb.tor-exit.calyxinstitute.org	4224	The Calyx Institute	The Calyx Institute	The Calyx Institute			
162.247.72.217	perry.fellwock.tor-exit.calyxinstitute.org	4224	The Calyx Institute	The Calyx Institute	The Calyx Institute			
162.247.72.216	phoolandevi.tor-exit.calyxinstitute.org	4224	The Calyx Institute	The Calyx Institute	The Calyx Institute			
162.247.73.204	billsf.tor-exit.calyxinstitute.org	4224	The Calyx Institute	The Calyx Institute	The Calyx Institute			
162.247.73.206	rosaluxemburg.tor-exit.calyxinstitute.org	4224	The Calyx Institute	The Calyx Institute	The Calyx Institute			
163.172.29.81	163-172-29-81.rev.poneytelecom.eu	12876	Online S.a.s.	ONLINE SAS	ONLINE SAS		FR	France
163.172.29.9	163-172-29-9.rev.poneytelecom.eu	12876	Online S.a.s.	ONLINE SAS	ONLINE SAS		FR	France
163.172.38.173	163-172-38-173.rev.poneytelecom.eu	12876	Online S.a.s.	ONLINE SAS	ONLINE SAS	Monnieres	FR	France
163.172.135.172	node1.tor.angristan.xyz	12876	Online S.a.s.	Scaleway	Scaleway		FR	France
163.172.129.70	70-129-172-163.rev.cloud.scaleway.com	12876	Online S.a.s.	Scaleway	Scaleway		FR	France
163.172.138.68	mx2.prado-creation.fr	12876	Online S.a.s.	Scaleway	Scaleway		FR	France
163.172.136.101	tor.ohundred.com	12876	Online S.a.s.	Scaleway	Scaleway			
163.172.209.46	watchme.tor-exit.network	12876	Online S.a.s.	Online SAS Nl	Online SAS Nl			
163.172.211.135	163-172-211-135.rev.poneytelecom.eu	12876	Online S.a.s.	Online SAS Nl	Online SAS Nl	Amsterdam	NL	Netherlands
163.172.152.231	231-152-172-163.rev.cloud.scaleway.com	12876	Online S.a.s.	Scaleway	Scaleway		FR	France
163.172.154.105	105-154-172-163.rev.cloud.scaleway.com	12876	Online S.a.s.	Scaleway	Scaleway		FR	France
163.172.214.76	baconisawesome.rathhansen.com	12876	Online S.a.s.	Online SAS Nl	Online SAS Nl	Amsterdam	NL	Netherlands
164.132.51.91	91.ip-164-132-51.eu	16276	OVH SAS	OVH SAS	OVH SAS			
167.114.92.50		16276	OVH SAS	OVH Hosting	OVH Hosting	Montreal	CA	Canada
171.25.193.20	tor-exit0-readme.dfri.se	198093	Foreningen for digitala fri- och rattigheter	Foreningen for digitala fri- och rattigheter	Foreningen for digitala fri- och rattigheter			
171.25.193.25	tor-exit5-readme.dfri.se	198093	Foreningen for digitala fri- och rattigheter	Foreningen for digitala fri- och rattigheter	Foreningen for digitala fri- och rattigheter			
171.25.193.132	tor-exit6-readme.dfri.se	198093	Foreningen for digitala fri- och rattigheter	Foreningen for digitala fri- och rattigheter	Foreningen for digitala fri- och rattigheter			
171.25.193.77	tor-exit1-readme.dfri.se	198093	Foreningen for digitala fri- och rattigheter	Foreningen for digitala fri- och rattigheter	Foreningen for digitala fri- och rattigheter			
171.25.193.78	tor-exit4-readme.dfri.se	198093	Foreningen for digitala fri- och rattigheter	Foreningen for digitala fri- och rattigheter	Foreningen for digitala fri- och rattigheter			
173.254.216.66	exit-01a.noisetor.net	8100	QuadraNet, Inc	QuadraNet	QuadraNet			
173.208.213.114		32097	WholeSale Internet, Inc.	WholeSale Internet	WholeSale Internet			
171.25.193.235	tor-exit3-readme.dfri.se	198093	Foreningen for digitala fri- och rattigheter	Foreningen for digitala fri- och rattigheter	Foreningen for digitala fri- och rattigheter			
176.10.104.243	tor2e1.digitale-gesellschaft.ch	51395	SOFTplus Entwicklungen GmbH	Datasource AG	Datasource AG			
176.10.99.200		51395	SOFTplus Entwicklungen GmbH	Datasource AG	Datasource AG			
176.10.107.180	torexit.schokomil.ch	51395	SOFTplus Entwicklungen GmbH	Datasource AG	Datasource AG			
176.10.99.208		51395	SOFTplus Entwicklungen GmbH	Datasource AG	Datasource AG			
176.58.100.98	tor-exit-node.gertrude.stuken.me	63949	Linode, LLC	Linode	Linode			
176.31.7.241	parachute-tor-exit.org	16276	OVH SAS	OVH SAS	OVH SAS		FR	France
176.31.180.157	mirror.armbrust.me	16276	OVH SAS	OVH SAS	OVH SAS			
178.17.170.124	torrelayslamarre.exitnode	43289	I.C.S. Trabia-Network S.R.L.	trabia network	trabia network			
178.17.170.164	torsrv1.snydernet.net	43289	I.C.S. Trabia-Network S.R.L.	trabia network	trabia network			
178.17.170.179	178-17-170-179.static.host	43289	I.C.S. Trabia-Network S.R.L.	trabia network	trabia network			
177.85.98.227	radio.servidorprotegido.com	262603	GX INTERNET E WEB HOSTING SERV DE INFORMATICA LTDA	Gx Internet E Web Hosting Serv De Informatica Ltda	Gx Internet E Web Hosting Serv De Informatica Ltda		BR	Brazil
178.17.170.238	178-17-170-238.static.host	43289	I.C.S. Trabia-Network S.R.L.	trabia network	trabia network	Chisinau	MD	Republic of Moldova
178.17.174.10	torsrvq.snydernet.net	43289	I.C.S. Trabia-Network S.R.L.	trabia network	trabia network			
178.17.174.99	6.tor.exit.babylon.network	43289	I.C.S. Trabia-Network S.R.L.	trabia network	trabia network	Chisinau	MD	Republic of Moldova
178.20.55.18	marcuse-2.nos-oignons.net	50618	LIAZO SARL	LIAZO SARL	LIAZO SARL			
178.32.53.94	tor-exit.scharmerlaw.com	16276	OVH SAS	OVH	OVH			
178.20.55.16	marcuse-1.nos-oignons.net	50618	LIAZO SARL	LIAZO SARL	LIAZO SARL			
178.62.18.173	staging.myshophero	202109	Digital Ocean, Inc.	Digital Ocean	Digital Ocean	London	GB	United Kingdom
178.62.71.57	titanialighting.com	202109	Digital Ocean, Inc.	Digital Ocean	Digital Ocean	London	GB	United Kingdom
178.32.53.124		16276	OVH SAS	OVH	OVH			
178.32.53.131		16276	OVH SAS	OVH	OVH		US	United States
178.151.182.123	123.182.151.178.triolan.net	13188	Content Delivery Network Ltd	Triolan	Triolan			
178.162.216.42		28753	Leaseweb Deutschland GmbH	Leaseweb Deutschland GmbH	Leaseweb Deutschland GmbH		DE	Germany
178.175.131.194	torsrv6.snydernet.net	43289	I.C.S. Trabia-Network S.R.L.	trabia network	trabia network			
178.175.128.50		43289	I.C.S. Trabia-Network S.R.L.	trabia network	trabia network			
178.239.167.15	tor-relay.m5i.uk	64474	M5i Limited	Bandwidth Technologies Ltd	Bandwidth Technologies Ltd		GB	United Kingdom
184.105.220.24	ghatanothoa.unzane.com	46841	Fork Networking, LLC	Fork Networking, LLC	Fork Networking, LLC			
185.11.180.67	exit.norway.tor-node.net	16234	Stayon AS	Stayon AS	Stayon AS			
179.43.143.162	new-tactics.com	51852	Private Layer INC	Private Layer INC	Private Layer INC			
185.17.184.228	tor-exit-node.xzyqvk.co.uk	60781	LeaseWeb Netherlands B.V.	LeaseWeb Netherlands B.V.	LeaseWeb Netherlands B.V.		NL	Netherlands
185.34.33.2	tor.laquadrature.net	39389	Cursys Sarl	Octopuce s.a.r.l.	Octopuce s.a.r.l.			
185.16.200.176	host-200-176.junet.se	59702	Junet AB	Junet AB	Junet AB			
185.38.14.171	tor-exit.r2.apx.pub	58073	YISP B.V.	YISP B.V.	YISP B.V.			
185.38.14.215	tor-exit.r1.apx.pub	58073	YISP B.V.	YISP B.V.	YISP B.V.			
178.217.187.39	tor-exit.xshells.net	51290	Hosteam S.c. Tomasz Groszewski Bartosz Waszak Lukasz Groszewski	Hosteam S.c. Tomasz Groszewski Bartosz Waszak Luka	Hosteam S.c. Tomasz Groszewski Bartosz Waszak Luka			
185.36.100.145	tor-proxy-readme.cloudexit.eu	62403	Disk Group Ltd.	Disk Group Ltd.	Disk Group Ltd.			
185.65.134.76		39351	31173 Services AB	31173 Services AB	31173 Services AB	Amsterdam	NL	Netherlands
185.69.168.112	tor.exit.node.dreamhack.se	59835	Dreamhack AB	Dreamhack AB	Dreamhack AB		SE	Sweden
185.65.134.75		39351	31173 Services AB	31173 Services AB	31173 Services AB	Amsterdam	NL	Netherlands
185.65.134.81		39351	31173 Services AB	31173 Services AB	31173 Services AB	Amsterdam	NL	Netherlands
185.100.85.101		200651	FlokiNET ehf	FlokiNET ehf	FlokiNET ehf			
185.100.84.82		200651	FlokiNET ehf	FlokiNET ehf	FlokiNET ehf			
185.100.85.176	bti.mahronis.com	200651	FlokiNET ehf	FlokiNET ehf	FlokiNET ehf	Bucharest	RO	Romania
185.100.85.132		200651	FlokiNET ehf	FlokiNET ehf	FlokiNET ehf	Bucharest	RO	Romania
185.100.85.191		200651	FlokiNET ehf	FlokiNET ehf	FlokiNET ehf	Bucharest	RO	Romania
185.100.85.236		200651	FlokiNET ehf	FlokiNET ehf	FlokiNET ehf	Bucharest	RO	Romania
185.100.85.190		200651	FlokiNET ehf	FlokiNET ehf	FlokiNET ehf			
185.100.85.192		200651	FlokiNET ehf	FlokiNET ehf	FlokiNET ehf			
116.76.255.86		17962	ShenZhen Topway Video Communication Co. Ltd	ShenZhen Topway Video Communication Co.	ShenZhen Topway Video Communication Co.	Shenzhen	CN	China
185.100.86.69		200651	FlokiNET ehf	FlokiNET ehf	FlokiNET ehf			
185.100.86.86		200651	FlokiNET ehf	FlokiNET ehf	FlokiNET ehf			
185.100.86.128		200651	FlokiNET ehf	FlokiNET ehf	FlokiNET ehf			
185.100.87.63		200651	FlokiNET ehf	FlokiNET ehf	FlokiNET ehf	Bucharest	RO	Romania
185.100.87.73		200651	FlokiNET ehf	FlokiNET ehf	FlokiNET ehf	Bucharest	RO	Romania
185.100.86.167		200651	FlokiNET ehf	FlokiNET ehf	FlokiNET ehf	Helsinki	FI	Finland
185.100.87.82		200651	FlokiNET ehf	FlokiNET ehf	FlokiNET ehf	Bucharest	RO	Romania
185.100.87.120		200651	FlokiNET ehf	FlokiNET ehf	FlokiNET ehf			
185.104.120.4	exit03.brasshorncomms.uk	28715	Brass Horn Communications	Brass Horn Communications	Brass Horn Communications			
185.104.120.2	exit02.brasshorncomms.uk	28715	Brass Horn Communications	Brass Horn Communications	Brass Horn Communications			
185.104.120.7	exit01.brasshorncomms.uk	28715	Brass Horn Communications	Brass Horn Communications	Brass Horn Communications			
185.129.62.62	tor01.zencurity.dk	57860	Zencurity ApS	Zencurity ApS	Zencurity ApS			
185.129.62.63	tor02.zencurity.dk	57860	Zencurity ApS	Zencurity ApS	Zencurity ApS			
188.126.81.155	tor-exit.se.partyvan.eu	42708	Portlane AB	Portlane AB	Portlane AB			
185.135.156.94		61317	Digital Energy Technologies Limited	Host1Plus	Host1Plus			
192.160.102.164	snowfall.relay.coldhak.com	395089	Hextet Systems	Hextet Systems	Hextet Systems			
188.138.1.217	atlantic380.startdedicated.de	8972	Host Europe GmbH	BSB-Service GmbH	BSB-Service GmbH	Hoest	DE	Germany
188.138.9.41	mail.andy-bar.de	8972	Host Europe GmbH	HEG Mass	HEG Mass	Hoest	DE	Germany
192.160.102.166	chaucer.relay.coldhak.com	395089	Hextet Systems	Hextet Systems	Hextet Systems			
193.90.12.86	tor-1.multisec.no	2116	Broadnet AS	Broadnet AS	Broadnet AS			
188.93.234.203		49349	Dotsi, Unipessoal Lda.	Dotsi, Unipessoal Lda.	Dotsi, Unipessoal Lda.		PT	Portugal
193.90.12.87	tor-2.multisec.no	2116	Broadnet AS	Broadnet AS	Broadnet AS			
193.90.12.88	tor-3.multisec.no	2116	Broadnet AS	Broadnet AS	Broadnet AS			
193.15.16.4	tor1.modio.se	1257	TELE2	Tele2 SWIPnet	Tele2 SWIPnet			
193.111.136.162	10.tor.exit.babylon.network	24961	myLoc managed IT AG	myLoc managed IT AG	myLoc managed IT AG			
193.90.12.89	tor-4.multisec.no	2116	Broadnet AS	Broadnet AS	Broadnet AS			
193.90.12.90	tor-5.multisec.no	2116	Broadnet AS	Broadnet AS	Broadnet AS			
193.138.219.231	se10x.mullvad.net	39351	31173 Services AB	31173 Services AB	31173 Services AB		SE	Sweden
193.200.241.195	nuremberg.rz-kaltenhof.net	51167	Contabo GmbH	Contabo GmbH	Contabo GmbH		DE	Germany
194.187.249.135		9009	M247 Ltd	M247 Ltd France Network	M247 Ltd France Network	Paris	FR	France
195.154.8.111	torrelay9.tomhek.net	12876	Online S.a.s.	Iliad-Entreprises	Iliad-Entreprises		FR	France
195.154.81.29	mestre.pipocaxp02.com.br	12876	Online S.a.s.	Iliad-Entreprises	Iliad-Entreprises		FR	France
195.154.90.122	argenla.tor-exit.network	12876	Online S.a.s.	Iliad-Entreprises	Iliad-Entreprises			
195.154.255.174	195-154-255-174.rev.poneytelecom.eu	12876	Online S.a.s.	Iliad-Entreprises	Iliad-Entreprises		FR	France
198.58.107.53	tor.tyler.zone	63949	Linode, LLC	Linode	Linode			
198.50.200.135	tor-exit.sonsofodin.space	16276	OVH SAS	OVH Hosting	OVH Hosting			
198.50.200.139	decorve.constructionmore.site	16276	OVH SAS	OVH Hosting	OVH Hosting		PA	Panama
195.228.45.176	cfilter.prj.hu	5483	Magyar Telekom plc.	Magyar Telekom	Magyar Telekom			
198.96.155.3	exit.tor.uwaterloo.ca	12093	University of Waterloo	University of Waterloo	University of Waterloo			
193.171.202.150	tor2r.ins.tor.net.eu.org	1853	ACONET	Johannes Kepler University	Johannes Kepler University			
198.167.223.38	host-198-167-223-38.resolv.to	37560	CYBERDYNE	Cyberdyne	Cyberdyne			
198.134.125.78	ns1648.ztomy.com	20264	Webair Internet Development Company Inc.	Webair Internet Development Company	Webair Internet Development Company	Los Angeles	US	United States
199.127.226.150	tor.tocici.com	14613	TOCICI LLC	Tocici LLC	Tocici LLC			
199.87.154.251	torlesnet2.relay.coldhak.com	18451	LES.NET	LES.NET	LES.NET			
199.87.154.255	tor.les.net	18451	LES.NET	TOR Exit Gateway	TOR Exit Gateway			
204.11.50.131	tor-exit.boingboing.net	30176	Priority Colo Inc	Priority Colo	Priority Colo			
209.66.119.150	209.66.119.150.available.above.net	47074	AEG	AEG	AEG			
204.85.191.30	tor00.telenet.unc.edu	36850	University of North Carolina at Chapel Hill	University of North Carolina at Chapel Hill	University of North Carolina at Chapel Hill			
207.244.70.35		30633	Leaseweb USA, Inc.	Leaseweb USA	Leaseweb USA			
209.133.66.214	exit-tor.tykva.info	6461	Zayo Bandwidth Inc	Zayo Bandwidth	Zayo Bandwidth			
209.249.180.198	tor-exit.kartofelzik.info	6461	Zayo Bandwidth Inc	Zayo Bandwidth	Zayo Bandwidth			
212.7.192.148		60781	LeaseWeb Netherlands B.V.	Dediserv Dedicated Servers Sp. z o.o.	Dediserv Dedicated Servers Sp. z o.o.		NL	Netherlands
212.7.219.155	88.reneys.net	198156	Dediserv Dedicated Servers Sp. z o.o.	Dediserv Dedicated Servers Sp. z o.o.	Dediserv Dedicated Servers Sp. z o.o.			
199.68.196.125		1426	Lightwave Networking, LLC	Lightwave Networking, LLC	Lightwave Networking, LLC			
212.47.195.52		3327	Linx Telecommunications B.V.	Linx Telecommunications B.V.	Linx Telecommunications B.V.	Tallinn	EE	Estonia
212.47.238.193	193-238-47-212.rev.cloud.scaleway.com	12876	Online S.a.s.	Scaleway	Scaleway		FR	France
212.47.246.21	tor4thepeople1.torexitnode.net	12876	Online S.a.s.	Scaleway	Scaleway			
212.47.227.72	tor-exit.hermes.bendellar.com	12876	Online S.a.s.	Scaleway	Scaleway		FR	France
212.47.247.226	226-247-47-212.rev.cloud.scaleway.com	12876	Online S.a.s.	Scaleway	Scaleway		FR	France
212.68.41.83	static-83-41-68-212.sadecehosting.net	42910	Equinix Turkey Internet Hizmetleri Anonim Sirketi	Equinix Turkey Internet Hizmetleri Anonim Sirketi	Equinix Turkey Internet Hizmetleri Anonim Sirketi		TR	Turkey
212.47.248.81	81-248-47-212.rev.cloud.scaleway.com	12876	Online S.a.s.	Scaleway	Scaleway		FR	France
212.117.180.21	ip-static-212-117-180-21.server.lu	5577	root SA	root SA	root SA			
212.117.180.130	5.tor.exit.babylon.network	5577	root SA	root SA	root SA			
216.17.99.183	server1.peach-hosting.com	19237	Omnis Network, LLC	Omnis Network, LLC	Omnis Network, LLC	Torrance	US	United States
216.218.134.12	tor-exit.altsci.com	6939	Hurricane Electric, Inc.	Hurricane Electric	Hurricane Electric			
212.83.40.239		47447	23Media GmbH	23Media GmbH	23Media GmbH			
216.239.90.19	tor-gateway.vif.com	10996	Concorde inc.	VIF Internet	VIF Internet			
212.83.40.238		47447	23Media GmbH	23Media GmbH	23Media GmbH			
216.230.148.77	77.148.static.intelnet.net.gt	14754	Telgua	Telgua	Telgua			
217.13.197.5	tor-exit-node.tk	15657	Speedbone Internet & Connectivity GmbH	Speedbone Internet & Connectivity GmbH	Speedbone Internet & Connectivity GmbH			
217.23.14.168	customer.worldstream.nl	49981	WorldStream B.V.	WorldStream B.V.	WorldStream B.V.			
146.185.161.126		undefined	undefined	Digital Ocean	Digital Ocean	Amsterdam	NL	Netherlands
217.115.10.131	tor1.anonymizer.ccc.de	31078	Netsign Networks GmbH	Netsign Networks GmbH	Netsign Networks GmbH			
217.115.10.132	tor2.anonymizer.ccc.de	31078	Netsign Networks GmbH	Netsign Networks GmbH	Netsign Networks GmbH			
217.12.204.104	exit1.tor-proxy.net.ua	15626	ITL Company	ITL Company	ITL Company	Kharkiv	UA	Ukraine
103.8.24.66	pro2.internet-webhosting.com	132241	SKSA TECHNOLOGY SDN BHD	Sksa Technology Sdn Bhd	Sksa Technology Sdn Bhd		MY	Malaysia
176.114.0.120	s12.thehost.com.ua	56485	FOP Sedinkin Olexandr Valeriyovuch	FOP Sedinkin Olexandr Valeriyovuch	FOP Sedinkin Olexandr Valeriyovuch	Kiev	UA	Ukraine
104.236.58.27		393406	Digital Ocean, Inc.	Digital Ocean	Digital Ocean	New York	US	United States
176.114.0.157	waterfilter.in.ua	56485	FOP Sedinkin Olexandr Valeriyovuch	FOP Sedinkin Olexandr Valeriyovuch	FOP Sedinkin Olexandr Valeriyovuch	Kiev	UA	Ukraine
104.152.208.166		26832	Rica Web Services	Rica Web Services	Rica Web Services		CA	Canada
106.187.99.148	li476-148.members.linode.com	2516	KDDI CORPORATION	Linode	Linode		JP	Japan
108.61.152.252	108.61.152.252.choopa.com	20473	Choopa, LLC	Choopa, LLC	Choopa, LLC	Matawan	US	United States
108.61.187.24	108.61.187.24.vultr.com	20473	Choopa, LLC	Choopa, LLC	Choopa, LLC	Heiwajima	JP	Japan
108.61.166.139	108.61.166.139.vultr.com	20473	Choopa, LLC	Choopa, LLC	Choopa, LLC	Amsterdam	NL	Netherlands
108.61.228.153		20473	Choopa, LLC	Choopa, LLC	Choopa, LLC	Elk Grove Village	US	United States
109.173.113.248	broadband-109-173-113-248.nationalcablenetworks.ru	42610	PJSC Rostelecom	Rostelecom	Rostelecom	Moscow	RU	Russia
109.163.234.2	hessel0.torservers.net	3223	Voxility S.R.L.	Voxility S.R.L.	Voxility S.R.L.			
109.173.45.225	broadband-109-173-45-225.nationalcablenetworks.ru	42610	PJSC Rostelecom	Rostelecom	Rostelecom	Moscow	RU	Russia
109.188.124.120	wimax-client.yota.ru	47395	PJSC MegaFon	Yota	Yota	Moscow	RU	Russia
109.188.124.135	wimax-client.yota.ru	47395	PJSC MegaFon	Yota	Yota	Moscow	RU	Russia
104.233.108.157		55053	2267921 ONTARIO LTD	KW Datacenter	KW Datacenter	Kitchener	CA	Canada
109.188.124.168	wimax-client.yota.ru	47395	PJSC MegaFon	Yota	Yota	Moscow	RU	Russia
109.188.124.23	wimax-client.yota.ru	47395	PJSC MegaFon	Yota	Yota	Moscow	RU	Russia
109.188.124.25	wimax-client.yota.ru	47395	PJSC MegaFon	Yota	Yota	Moscow	RU	Russia
109.188.124.36	wimax-client.yota.ru	47395	PJSC MegaFon	Yota	Yota	Moscow	RU	Russia
109.188.124.43	wimax-client.yota.ru	47395	PJSC MegaFon	Yota	Yota	Moscow	RU	Russia
109.188.124.46	wimax-client.yota.ru	47395	PJSC MegaFon	Yota	Yota	Moscow	RU	Russia
109.188.124.47	wimax-client.yota.ru	47395	PJSC MegaFon	Yota	Yota	Moscow	RU	Russia
109.188.124.65	wimax-client.yota.ru	47395	PJSC MegaFon	Yota	Yota	Moscow	RU	Russia
109.188.124.80	wimax-client.yota.ru	47395	PJSC MegaFon	Yota	Yota	Moscow	RU	Russia
109.188.125.12	wimax-client.yota.ru	47395	PJSC MegaFon	Yota	Yota	Moscow	RU	Russia
109.188.125.13	wimax-client.yota.ru	47395	PJSC MegaFon	Yota	Yota	Moscow	RU	Russia
109.188.125.19	wimax-client.yota.ru	47395	PJSC MegaFon	Yota	Yota	Moscow	RU	Russia
109.188.125.20	wimax-client.yota.ru	47395	PJSC MegaFon	Yota	Yota	Moscow	RU	Russia
109.188.125.3	wimax-client.yota.ru	47395	PJSC MegaFon	Yota	Yota	Moscow	RU	Russia
109.188.125.30	wimax-client.yota.ru	47395	PJSC MegaFon	Yota	Yota	Moscow	RU	Russia
109.188.125.32	wimax-client.yota.ru	47395	PJSC MegaFon	Yota	Yota	Moscow	RU	Russia
109.188.125.33	wimax-client.yota.ru	47395	PJSC MegaFon	Yota	Yota	Moscow	RU	Russia
109.188.125.4	wimax-client.yota.ru	47395	PJSC MegaFon	Yota	Yota	Moscow	RU	Russia
109.188.125.40	wimax-client.yota.ru	47395	PJSC MegaFon	Yota	Yota	Moscow	RU	Russia
109.188.125.5	wimax-client.yota.ru	47395	PJSC MegaFon	Yota	Yota	Moscow	RU	Russia
109.188.125.52	wimax-client.yota.ru	47395	PJSC MegaFon	Yota	Yota	Moscow	RU	Russia
109.188.125.60	wimax-client.yota.ru	47395	PJSC MegaFon	Yota	Yota	Moscow	RU	Russia
109.188.125.9	wimax-client.yota.ru	47395	PJSC MegaFon	Yota	Yota	Moscow	RU	Russia
109.188.126.11	wimax-client.yota.ru	47395	PJSC MegaFon	Yota	Yota	Moscow	RU	Russia
109.188.126.12	wimax-client.yota.ru	47395	PJSC MegaFon	Yota	Yota	Moscow	RU	Russia
109.188.126.13	wimax-client.yota.ru	47395	PJSC MegaFon	Yota	Yota	Moscow	RU	Russia
109.188.126.14	wimax-client.yota.ru	47395	PJSC MegaFon	Yota	Yota	Moscow	RU	Russia
109.188.126.15	wimax-client.yota.ru	47395	PJSC MegaFon	Yota	Yota	Moscow	RU	Russia
109.188.126.18	wimax-client.yota.ru	47395	PJSC MegaFon	Yota	Yota	Moscow	RU	Russia
109.188.126.181	wimax-client.yota.ru	47395	PJSC MegaFon	Yota	Yota	Moscow	RU	Russia
109.188.126.21	wimax-client.yota.ru	47395	PJSC MegaFon	Yota	Yota	Moscow	RU	Russia
109.188.126.30	wimax-client.yota.ru	47395	PJSC MegaFon	Yota	Yota	Moscow	RU	Russia
109.188.126.43	wimax-client.yota.ru	47395	PJSC MegaFon	Yota	Yota	Moscow	RU	Russia
109.188.126.39	wimax-client.yota.ru	47395	PJSC MegaFon	Yota	Yota	Moscow	RU	Russia
109.188.126.44	wimax-client.yota.ru	47395	PJSC MegaFon	Yota	Yota	Moscow	RU	Russia
109.188.126.57	wimax-client.yota.ru	47395	PJSC MegaFon	Yota	Yota	Moscow	RU	Russia
109.188.127.23	wimax-client.yota.ru	47395	PJSC MegaFon	Yota	Yota	Moscow	RU	Russia
109.188.127.27	wimax-client.yota.ru	47395	PJSC MegaFon	Yota	Yota	Moscow	RU	Russia
109.188.127.28	wimax-client.yota.ru	47395	PJSC MegaFon	Yota	Yota	Moscow	RU	Russia
109.188.127.34	wimax-client.yota.ru	47395	PJSC MegaFon	Yota	Yota	Moscow	RU	Russia
109.201.152.26	tsn109-201-152-26.dyn.nltelcom.net	43350	NForce Entertainment B.V.	NFOrce Entertainment B.V.	NFOrce Entertainment B.V.	Rozendaal	NL	Netherlands
109.188.127.52	wimax-client.yota.ru	47395	PJSC MegaFon	Yota	Yota	Moscow	RU	Russia
109.201.154.186	tsn109-201-154-186.dyn.nltelcom.net	43350	NForce Entertainment B.V.	NFOrce Entertainment B.V.	NFOrce Entertainment B.V.	Amsterdam	NL	Netherlands
109.188.127.60	wimax-client.yota.ru	47395	PJSC MegaFon	Yota	Yota	Moscow	RU	Russia
109.201.154.170	tsn109-201-154-170.dyn.nltelcom.net	43350	NForce Entertainment B.V.	NFOrce Entertainment B.V.	NFOrce Entertainment B.V.	Amsterdam	NL	Netherlands
109.201.154.205	tsn109-201-154-205.dyn.nltelcom.net	43350	NForce Entertainment B.V.	NFOrce Entertainment B.V.	NFOrce Entertainment B.V.	Amsterdam	NL	Netherlands
109.68.20.194		35087	NTSI Telecom Ltd	NTSI Telecom Ltd	NTSI Telecom Ltd	Moscow	RU	Russia
109.72.73.18	nat7318.hnt.ru	49779	Joint-Stock Company Investpribor	Joint-Stock Company Investpribor	Joint-Stock Company Investpribor	Moscow	RU	Russia
141.138.141.208	tor-exit-141-138-141-208.colo.transip.net	20857	Transip B.V.	Transip B.V.	Transip B.V.			
128.73.141.124	128-73-141-124.broadband.corbina.ru	8402	VimpelCom	Beeline Home	Beeline Home	Perm	RU	Russia
128.75.159.209	128-75-159-209.broadband.corbina.ru	8402	VimpelCom	Beeline Home	Beeline Home	Kaluga	RU	Russia
108.61.123.73	108.61.123.73.choopa.net	20473	Choopa, LLC	Choopa, LLC	Choopa, LLC	Paris	FR	France
141.255.162.162		51852	Private Layer INC	Private Layer INC	Private Layer INC		CH	Switzerland
141.255.162.175		51852	Private Layer INC	Private Layer INC	Private Layer INC		CH	Switzerland
141.255.162.166		51852	Private Layer INC	Private Layer INC	Private Layer INC		CH	Switzerland
146.185.139.55		undefined	undefined	Digital Ocean	Digital Ocean	Amsterdam	NL	Netherlands
149.154.158.51	51-158-154-149.static.edis.at	35017	Swiftway Sp. z o.o.	EDIS GmbH	EDIS GmbH	Chicago	US	United States
149.56.99.36	36.ip-149-56-99.net	16276	OVH SAS	OVH Hosting	OVH Hosting	Montreal	CA	Canada
149.202.44.177	177.ip-149-202-44.eu	16276	OVH SAS	OVH SAS	OVH SAS		FR	France
149.56.99.37	37.ip-149-56-99.net	16276	OVH SAS	OVH Hosting	OVH Hosting	Montreal	CA	Canada
151.1.182.128	server128-media-network-omnibus.it.net	3242	ITnet S.r.l.	ITnet S.r.l.	ITnet S.r.l.			
149.56.99.38	neko.brussell.me	16276	OVH SAS	OVH Hosting	OVH Hosting	Montreal	CA	Canada
151.236.20.113	113.20.236.151.in-addr.arpa	57169	EDIS GmbH	EDIS GmbH	EDIS GmbH		AT	Austria
158.69.244.40	ontimev5.w3s.fr	16276	OVH SAS	OVH Hosting	OVH Hosting	Montreal	CA	Canada
159.203.30.48	ca1vpn.mikrocache.com	394362	Digital Ocean, Inc.	Digital Ocean	Digital Ocean	Toronto	CA	Canada
158.255.211.156	156-211-255-158.static.edis.at	57169	EDIS GmbH	EDIS GmbH	EDIS GmbH		AT	Austria
154.70.153.175		37692	NetStack-AS	Netstack Cloud Services	Netstack Cloud Services		ZA	South Africa
151.236.25.57	57-25-236-151.static.edis.at	51290	Hosteam S.c. Tomasz Groszewski Bartosz Waszak Lukasz Groszewski	EDIS GmbH	EDIS GmbH		AT	Austria
162.244.26.76	c999949498-cloudpro-243221077.cloudatcost.com	55053	2267921 ONTARIO LTD	KW Datacenter	KW Datacenter			
162.250.234.177		54540	Incero LLC	Incero LLC	Incero LLC		US	United States
162.253.42.208	208-42-253-162.static.reverse.lstn.net	46475	Limestone Networks, Inc.	Limestone Networks	Limestone Networks	Dallas	US	United States
163.172.43.52	163-172-43-52.rev.poneytelecom.eu	12876	Online S.a.s.	ONLINE SAS	ONLINE SAS		FR	France
163.172.143.114	vds.nbrz.ru	12876	Online S.a.s.	Scaleway	Scaleway		FR	France
163.172.158.208	208-158-172-163.rev.cloud.scaleway.com	12876	Online S.a.s.	Scaleway	Scaleway		FR	France
163.172.140.30	30-140-172-163.rev.cloud.scaleway.com	12876	Online S.a.s.	Scaleway	Scaleway		FR	France
163.47.21.101		45177	Vibe Communications LTD	Vibe Communications	Vibe Communications	Auckland	NZ	New Zealand
172.98.67.32		46562	Total Server Solutions L.L.C.	Total Server Solutions L.L.C.	Total Server Solutions L.L.C.	Toronto	CA	Canada
173.255.231.225	li241-225.members.linode.com	63949	Linode, LLC	Linode	Linode	Newark	US	United States
167.114.238.104	mailserver.italianlyb.it	16276	OVH SAS	OVH Hosting	OVH Hosting	Roubaix	FR	France
173.246.103.8	xvm-103-8.ghst.net	29169	GANDI SAS	Gandi US	Gandi US	Baltimore	US	United States
176.111.109.155		8426	Claranet Ltd	Lunacloud, Unipessoal LDA	Lunacloud, Unipessoal LDA		PT	Portugal
178.162.199.142	hosted-by.leaseweb.com	28753	Leaseweb Deutschland GmbH	Leaseweb Deutschland GmbH	Leaseweb Deutschland GmbH		DE	Germany
178.140.158.79	broadband-178-140-158-79.nationalcablenetworks.ru	42610	PJSC Rostelecom	Rostelecom	Rostelecom	Moscow	RU	Russia
178.162.205.2		28753	Leaseweb Deutschland GmbH	Leaseweb Deutschland GmbH	Leaseweb Deutschland GmbH		DE	Germany
178.17.163.82	178-17-163-82.static.host	43289	I.C.S. Trabia-Network S.R.L.	trabia network	trabia network	Chisinau	MD	Republic of Moldova
178.17.170.201	7.tor.exit.babylon.network	43289	I.C.S. Trabia-Network S.R.L.	trabia network	trabia network	Chisinau	MD	Republic of Moldova
178.162.211.216		28753	Leaseweb Deutschland GmbH	Leaseweb Deutschland GmbH	Leaseweb Deutschland GmbH		DE	Germany
178.175.144.43	178-175-144-43.static.host	43289	I.C.S. Trabia-Network S.R.L.	trabia network	trabia network	Chisinau	MD	Republic of Moldova
185.100.87.139		200651	FlokiNET ehf	FlokiNET ehf	FlokiNET ehf	Bucharest	RO	Romania
185.3.135.58		57858	Inter Connects Inc	Inter Connects Inc	Inter Connects Inc		SE	Sweden
185.100.87.44		200651	FlokiNET ehf	FlokiNET ehf	FlokiNET ehf	Bucharest	RO	Romania
185.80.222.78	host2.skytech-systems.com	13213	UK-2 Limited	Virtual Internet (UK) Limited	Virtual Internet (UK) Limited	Amsterdam	NL	Netherlands
185.55.217.127	ladhewala.com	56934	Sologigabit S.L.	Sologigabit	Sologigabit		ES	Spain
185.128.40.220	tor-exit.koneko.co	60392	Grupo Panaglobal 15 S.A	Grupo Panaglobal 15 S.A	Grupo Panaglobal 15 S.A		CH	Switzerland
188.162.64.72	client.yota.ru	47395	PJSC MegaFon	PJSC MegaFon	PJSC MegaFon	Saint Petersburg	RU	Russia
188.162.64.83	client.yota.ru	47395	PJSC MegaFon	PJSC MegaFon	PJSC MegaFon	Saint Petersburg	RU	Russia
185.61.138.104	hosted-by.blazingfast.io	49349	Dotsi, Unipessoal Lda.	BlazingFast LLC	BlazingFast LLC		NL	Netherlands
190.97.163.207	host-190-97-163-207.ccipanama.com	3356	Level 3 Communications, Inc.	Cyber Cast International, S.A.	Cyber Cast International, S.A.		PA	Panama
192.151.155.130	proxy1.6khz.com	33387	DataShack, LC	DataShack, LC	DataShack, LC	Kansas City	US	United States
192.195.80.10	wikiotter.static.monkeybrains.net	32329	Monkey Brains	Monkey Brains	Monkey Brains			
192.121.252.153	192-121-252-153.ip.avinova.se	197308	Cygate AB	Cygate AB	Cygate AB		SE	Sweden
192.40.57.129		46562	Total Server Solutions L.L.C.	Total Server Solutions L.L.C.	Total Server Solutions L.L.C.	Atlanta	US	United States
192.121.46.121	121.46.121.192.in-addr.arpa	20836	CDLAN s.r.l.	EDIS GmbH	EDIS GmbH		IT	Italy
193.169.87.71		48031	PE Ivanov Vitaliy Sergeevich	XServer	XServer		UA	Ukraine
193.169.4.29	host29-lan-193-169-4.svsreut.ru	49261	Lekstar Communication Ltd.	Lekstar Communication Ltd.	Lekstar Communication Ltd.	Moscow	RU	Russia
193.169.86.78		48031	PE Ivanov Vitaliy Sergeevich	XServer	XServer		UA	Ukraine
193.182.144.34	34-144-182-193.static.edis.at	61102	Interhost Communication Solutions Ltd.	EDIS GmbH	EDIS GmbH		IL	Israel
195.154.15.227	195-154-15-227.rev.poneytelecom.eu	12876	Online S.a.s.	Iliad-Entreprises	Iliad-Entreprises		FR	France
198.50.159.231		16276	OVH SAS	OVH Hosting	OVH Hosting	Montreal	CA	Canada
192.207.61.178		20324	Ormuco Ltd	Ormuco Ltd	Ormuco Ltd	Montreal	CA	Canada
198.50.200.131	tor-exit-readme.jessevictors.com	16276	OVH SAS	OVH Hosting	OVH Hosting		PA	Panama
198.50.200.137	alt5.constructionmore.site	16276	OVH SAS	OVH Hosting	OVH Hosting		PA	Panama
199.71.233.139	mail2.transportesterrestre.com	47869	Netrouting	Netrouting	Netrouting	Stockholm	SE	Sweden
185.80.50.33		62214	Rackforest Informatikai Kereskedelmi Szolgaltato es Tanacsado Kft.	ACI Technologies Bt	ACI Technologies Bt		HU	Hungary
199.71.233.138	mail.transportesterrestre.com	47869	Netrouting	Netrouting	Netrouting	Stockholm	SE	Sweden
199.71.233.140	mail3.transportesterrestre.com	47869	Netrouting	Netrouting	Netrouting	Stockholm	SE	Sweden
199.71.233.141	mail4.transportesterrestre.com	47869	Netrouting	Netrouting	Netrouting	Stockholm	SE	Sweden
204.155.30.75	edwardsimpson.clientshostname.com	14576	Hosting Solution Ltd.	Hosting Solution	Hosting Solution	Garden City	US	United States
199.71.233.142	mail5.transportesterrestre.com	47869	Netrouting	Netrouting	Netrouting	Stockholm	SE	Sweden
204.155.30.76	josefwheeler.clientshostname.com	14576	Hosting Solution Ltd.	Hosting Solution	Hosting Solution	Garden City	US	United States
204.155.30.77	leonandrews.clientshostname.com	14576	Hosting Solution Ltd.	Hosting Solution	Hosting Solution	Garden City	US	United States
204.155.30.78	jackhudson.clientshostname.com	14576	Hosting Solution Ltd.	Hosting Solution	Hosting Solution	Garden City	US	United States
204.155.30.79	deanriley.clientshostname.com	14576	Hosting Solution Ltd.	Hosting Solution	Hosting Solution	Garden City	US	United States
204.155.30.80	billycollins.clientshostname.com	14576	Hosting Solution Ltd.	Hosting Solution	Hosting Solution	Garden City	US	United States
204.155.30.81	jacksoncole.clientshostname.com	14576	Hosting Solution Ltd.	Hosting Solution	Hosting Solution	Garden City	US	United States
204.155.30.82	franciscocunningham.clientshostname.com	14576	Hosting Solution Ltd.	Hosting Solution	Hosting Solution	Garden City	US	United States
207.244.97.183	exit.manassas.tor-node.net	30633	Leaseweb USA, Inc.	Leaseweb USA	Leaseweb USA	Manassas	US	United States
212.109.194.126	dark9999.fvds.ru	29182	JSC ISPsystem	JSC Server	JSC Server		RU	Russia
209.222.77.220	tor-relay.redteam.net	46844	Sharktech	Sharktech	Sharktech			
212.7.217.50		198156	Dediserv Dedicated Servers Sp. z o.o.	Dediserv Dedicated Servers Sp. z o.o.	Dediserv Dedicated Servers Sp. z o.o.		PL	Poland
212.83.190.65	212-83-190-65.rev.poneytelecom.eu	12876	Online S.a.s.	Iliad	Iliad	Colomiers	FR	France
213.39.51.93	ns2.liquidns.net	8928	Interoute Communications Limited	Interoute Communications Limited	Interoute Communications Limited		DE	Germany
216.75.21.31		10439	CariNet, Inc.	CariNet	CariNet	San Diego	US	United States
204.194.29.4	TOR-EXIT.CYLAB.CMU.EDU	9	Carnegie Mellon University	Carnegie Mellon University	Carnegie Mellon University			
217.23.10.188	customer.worldstream.nl	49981	WorldStream B.V.	WorldStream B.V.	WorldStream B.V.		NL	Netherlands
217.23.10.189	customer.worldstream.nl	49981	WorldStream B.V.	WorldStream B.V.	WorldStream B.V.		NL	Netherlands
23.239.10.144	tor.shamm.as	63949	Linode, LLC	Linode	Linode	Newark	US	United States
217.12.201.109	s24.friendhosting.net	50673	Serverius Holding B.V.	ITL Company	ITL Company	Dronten	NL	Netherlands
31.148.219.166	watson.clientshostname.com	14576	Hosting Solution Ltd.	Hosting Solution	Hosting Solution		NL	Netherlands
217.23.10.184	customer.worldstream.nl	49981	WorldStream B.V.	WorldStream B.V.	WorldStream B.V.		NL	Netherlands
31.148.219.168	hall.clientshostname.com	14576	Hosting Solution Ltd.	Hosting Solution	Hosting Solution		NL	Netherlands
31.132.0.11	no.rdns.ukservers.com	42831	UK Dedicated Servers Limited	UK Dedicated Servers Limited	UK Dedicated Servers Limited		GB	United Kingdom
31.132.0.12	no.rdns.ukservers.com	42831	UK Dedicated Servers Limited	UK Dedicated Servers Limited	UK Dedicated Servers Limited		GB	United Kingdom
31.148.219.176	howell.clientshostname.com	14576	Hosting Solution Ltd.	Hosting Solution	Hosting Solution		NL	Netherlands
31.168.172.147	31-168-172-147.telavivwifi.com	8551	Bezeq International	Bezeq International	Bezeq International	Tel Aviv	IL	Israel
31.210.109.147		197328	Inter Net Bilgisayar Turizm Tic Ltd Sti	Radore Veri Merkezi Hizmetleri A.S.	Radore Veri Merkezi Hizmetleri A.S.		TR	Turkey
31.210.117.131	31-210-117-131.turkrdns.com	197328	Inter Net Bilgisayar Turizm Tic Ltd Sti	Radore Veri Merkezi Hizmetleri A.S.	Radore Veri Merkezi Hizmetleri A.S.		TR	Turkey
31.186.96.19		49505	OOO Network of data-centers Selectel	Selectel Network	Selectel Network	Moscow	RU	Russia
31.186.96.20		49505	OOO Network of data-centers Selectel	Selectel Network	Selectel Network	Moscow	RU	Russia
31.210.123.213		197328	Inter Net Bilgisayar Turizm Tic Ltd Sti	Radore Veri Merkezi Hizmetleri A.S.	Radore Veri Merkezi Hizmetleri A.S.		TR	Turkey
31.210.123.214		197328	Inter Net Bilgisayar Turizm Tic Ltd Sti	Radore Veri Merkezi Hizmetleri A.S.	Radore Veri Merkezi Hizmetleri A.S.		TR	Turkey
31.210.125.100	31-210-125-100.turkrdns.com	197328	Inter Net Bilgisayar Turizm Tic Ltd Sti	Radore Veri Merkezi Hizmetleri A.S.	Radore Veri Merkezi Hizmetleri A.S.		TR	Turkey
31.210.125.105	31-210-125-105.turkrdns.com	197328	Inter Net Bilgisayar Turizm Tic Ltd Sti	Radore Veri Merkezi Hizmetleri A.S.	Radore Veri Merkezi Hizmetleri A.S.		TR	Turkey
37.139.52.47	37-139-52-47.mrhost.biz	51167	Contabo GmbH	MrHost	MrHost	Munich	DE	Germany
37.146.14.44	37-146-14-44.broadband.corbina.ru	8402	VimpelCom	Beeline Home	Beeline Home	Kaluga	RU	Russia
37.235.53.237	237-53-235-37.static.edis.at	39020	Comvive Servidores S.L.	EDIS GmbH	EDIS GmbH	Madrid	ES	Spain
37.187.239.8	8.ip-37-187-239.eu	16276	OVH SAS	OVH SAS	OVH SAS			
37.187.247.3	3.ip-37-187-247.eu	16276	OVH SAS	OVH SAS	OVH SAS		FR	France
37.48.93.246		60781	LeaseWeb Netherlands B.V.	LeaseWeb Netherlands B.V.	LeaseWeb Netherlands B.V.		NL	Netherlands
37.247.54.157		34971	Prometeus di Daniela Agro	Prometeus di Daniela Agro	Prometeus di Daniela Agro	Milano	IT	Italy
41.206.188.206		6453	TATA COMMUNICATIONS (AMERICA) INC	Tata Communications (america)	Tata Communications (america)			
37.59.14.201	ns2.wat2doo.com	16276	OVH SAS	OVH SAS	OVH SAS			
45.32.239.246	45.32.239.246.vultr.com	20473	Choopa, LLC	Choopa, LLC	Choopa, LLC	Amsterdam	NL	Netherlands
41.215.241.147	host-41.215.241.147.citynethost.com	33785	CITYNET	CityNet Hosting	CityNet Hosting		EG	Egypt
46.108.39.193	193-39-108-46.static.edis.at	5541	Sc Ad Net Market Media Srl	AdNet Telecom Services SRL	AdNet Telecom Services SRL	Bucharest	RO	Romania
46.108.39.198	198.39.108.46.in-addr.arpa	5541	Sc Ad Net Market Media Srl	AdNet Telecom Services SRL	AdNet Telecom Services SRL	Bucharest	RO	Romania
46.148.17.100		50297	Infium, UAB	Infium, UAB	Infium, UAB		UA	Ukraine
46.148.17.98		50297	Infium, UAB	Infium, UAB	Infium, UAB		UA	Ukraine
46.148.17.210		50297	Infium, UAB	Infium, UAB	Infium, UAB		UA	Ukraine
46.148.17.99		50297	Infium, UAB	Infium, UAB	Infium, UAB		UA	Ukraine
46.101.197.155		201229	Digital Ocean, Inc.	DigitalOcean	DigitalOcean	Frankfurt am Main	DE	Germany
46.166.137.224		43350	NForce Entertainment B.V.	NFOrce Entertainment B.V.	NFOrce Entertainment B.V.		NL	Netherlands
46.166.138.129		43350	NForce Entertainment B.V.	NFOrce Entertainment B.V.	NFOrce Entertainment B.V.		NL	Netherlands
46.166.137.245		43350	NForce Entertainment B.V.	NFOrce Entertainment B.V.	NFOrce Entertainment B.V.		NL	Netherlands
46.148.26.78	ilcomandantemark.net	50297	Infium, UAB	Infium, UAB	Infium, UAB		UA	Ukraine
46.166.138.141		43350	NForce Entertainment B.V.	NFOrce Entertainment B.V.	NFOrce Entertainment B.V.		NL	Netherlands
46.166.138.142		43350	NForce Entertainment B.V.	NFOrce Entertainment B.V.	NFOrce Entertainment B.V.		NL	Netherlands
46.166.138.147		43350	NForce Entertainment B.V.	NFOrce Entertainment B.V.	NFOrce Entertainment B.V.		NL	Netherlands
46.166.186.243	tsn46-166-168-243.dyn.nltelcom.net	43350	NForce Entertainment B.V.	NFOrce Entertainment B.V.	NFOrce Entertainment B.V.		NL	Netherlands
46.166.188.208		43350	NForce Entertainment B.V.	NFOrce Entertainment B.V.	NFOrce Entertainment B.V.		NL	Netherlands
46.166.188.228		43350	NForce Entertainment B.V.	NFOrce Entertainment B.V.	NFOrce Entertainment B.V.		NL	Netherlands
46.166.190.182		43350	NForce Entertainment B.V.	NFOrce Entertainment B.V.	NFOrce Entertainment B.V.		NL	Netherlands
46.166.190.192		43350	NForce Entertainment B.V.	NFOrce Entertainment B.V.	NFOrce Entertainment B.V.		NL	Netherlands
46.166.190.223		43350	NForce Entertainment B.V.	NFOrce Entertainment B.V.	NFOrce Entertainment B.V.		NL	Netherlands
46.28.111.122	tadeaspors.cz	197019	WEDOS Internet, a.s.	WEDOS Internet, a.s.	WEDOS Internet, a.s.	Prague	CZ	Czechia
46.73.164.160	ip-46-73-164-160.bb.netbynet.ru	12714	Net By Net Holding LLC	Net By Net Holding LLC	Net By Net Holding LLC	Korolev	RU	Russia
5.133.179.243		20860	Iomart	Iomart Hosting Limited	Iomart Hosting Limited		GB	United Kingdom
5.133.8.162	d8162.artnet.gda.pl	197155	Artnet Spolka z ograniczona odpowiedzialnoscia	Artnet Spolka z ograniczona odpowiedzialnoscia	Artnet Spolka z ograniczona odpowiedzialnoscia		PL	Poland
5.133.8.152	d8152.artnet.gda.pl	197155	Artnet Spolka z ograniczona odpowiedzialnoscia	Artnet Spolka z ograniczona odpowiedzialnoscia	Artnet Spolka z ograniczona odpowiedzialnoscia		PL	Poland
5.135.186.35	ns3291871.ip-5-135-186.eu	16276	OVH SAS	OVH SAS	OVH SAS	Sautron	FR	France
5.153.233.58		57858	Inter Connects Inc	Inter Connects Inc	Inter Connects Inc		SE	Sweden
5.134.1.250	5.134.1.250.hosted.by.stone-is.net	39234	Stone Internet Services bvba	Stone Internet Services bvba	Stone Internet Services bvba		BE	Belgium
5.149.249.172		59711	HZ Hosting Ltd	HZ Hosting Ltd	HZ Hosting Ltd		NL	Netherlands
5.153.234.90		57858	Inter Connects Inc	Inter Connects Inc	Inter Connects Inc		SE	Sweden
5.196.58.96	ip96.ip-5-196-58.eu	16276	OVH SAS	Dedicated servers	Dedicated servers		FR	France
5.255.80.27	eicu.rumahoke.com	50673	Serverius Holding B.V.	Serverius Holding B.V.	Serverius Holding B.V.		NL	Netherlands
5.34.183.55	network-5-34-183-55.s-r-mo.net	15626	ITL Company	Uaservers Network	Uaservers Network		UA	Ukraine
5.199.172.147	hst-172-147.cloudlix.com	16125	UAB Cherry Servers	UAB Cherry Servers	UAB Cherry Servers		LT	Republic of Lithuania
50.7.62.27	prescars.com	174	Cogent Communications	FDCservers.net	FDCservers.net	Chicago	US	United States
5.9.98.43	static.43.98.9.5.clients.your-server.de	24940	Hetzner Online GmbH	Hetzner Online AG	Hetzner Online AG		DE	Germany
5.45.183.194		29141	Bradler & Krantz GmbH & Co. KG	Bradler & Krantz GmbH & Co. KG	Bradler & Krantz GmbH & Co. KG	Bad Laasphe	DE	Germany
62.4.22.48	62-4-22-48.rev.poneytelecom.eu	12876	Online S.a.s.	ONLINE SAS	ONLINE SAS	Paris	FR	France
62.212.73.141		60781	LeaseWeb Netherlands B.V.	LeaseWeb Netherlands B.V.	LeaseWeb Netherlands B.V.			
64.137.178.3	www.torproject.org	55053	2267921 ONTARIO LTD	KW Datacenter	KW Datacenter			
64.124.32.84	64.124.32.84.IPYX-102914-ZYO.zip.zayo.com	6461	Zayo Bandwidth Inc	Zayo Bandwidth	Zayo Bandwidth			
71.19.157.127	tor.svc.explicate.org	47066	prgmr.com, Inc.	prgmr.com	prgmr.com			
64.137.206.52	c999950571-cloudpro-420766760.cloudatcost.com	55053	2267921 ONTARIO LTD	KW Datacenter	KW Datacenter	Kitchener	CA	Canada
72.5.72.225		394738	Denetron LLC	Silicon Valley Web Hosting	Silicon Valley Web Hosting	San Jose	US	United States
78.106.220.129	78-106-220-129.broadband.corbina.ru	8402	VimpelCom	Beeline Home	Beeline Home	Kaluga	RU	Russia
78.138.104.178		29066	velia.net Internetdienste GmbH	velia.net Internetdienste GmbH	velia.net Internetdienste GmbH	Hoest	DE	Germany
78.138.106.231		29066	velia.net Internetdienste GmbH	velia.net Internetdienste GmbH	velia.net Internetdienste GmbH	Hoest	DE	Germany
78.138.106.234		29066	velia.net Internetdienste GmbH	velia.net Internetdienste GmbH	velia.net Internetdienste GmbH	Hoest	DE	Germany
78.138.106.235		29066	velia.net Internetdienste GmbH	velia.net Internetdienste GmbH	velia.net Internetdienste GmbH	Hoest	DE	Germany
78.138.106.247		29066	velia.net Internetdienste GmbH	velia.net Internetdienste GmbH	velia.net Internetdienste GmbH	Hoest	DE	Germany
78.138.97.15		29066	velia.net Internetdienste GmbH	velia.net Internetdienste GmbH	velia.net Internetdienste GmbH	Hoest	DE	Germany
78.138.98.92		29066	velia.net Internetdienste GmbH	velia.net Internetdienste GmbH	velia.net Internetdienste GmbH	Hoest	DE	Germany
78.138.98.95		29066	velia.net Internetdienste GmbH	velia.net Internetdienste GmbH	velia.net Internetdienste GmbH	Hoest	DE	Germany
8.39.147.120		3356	Level 3 Communications, Inc.	Level 3 Communications	Level 3 Communications		US	United States
79.134.255.200		6775	Andreas Fink trading as Fink Telecom Services	DataCell ehf	DataCell ehf			
5.2.64.10		60404	Liteserver VOF	Liteserver VOF	Liteserver VOF		NL	Netherlands
81.30.158.81	www.hey-ix.net	24961	myLoc managed IT AG	myLoc managed IT AG Vserver Netz	myLoc managed IT AG Vserver Netz		DE	Germany
81.17.18.50	block1-che.interlayer.co.uk	51852	Private Layer INC	InterLayer LTD	InterLayer LTD		CH	Switzerland
81.7.16.13	kacki.argh-it.de	35366	ISPpro Internet KG	ISPpro Internet KG	ISPpro Internet KG	Munich	DE	Germany
83.220.236.147		16345	Public Joint Stock Company Vimpel-Communications	VimpelCom	VimpelCom	Moscow	RU	Russia
84.232.5.230		29119	ServiHosting Networks S.L.	ServiHosting Networks S.L.	ServiHosting Networks S.L.		ES	Spain
84.117.113.152		6830	Liberty Global Operations B.V.	UPC Romania SRL	UPC Romania SRL	Iași	RO	Romania
83.136.253.147	83-136-253-147.uk-lon1.host.upcloud.com	202053	UpCloud Ltd	UpCloud Cloud Servers	UpCloud Cloud Servers		GB	United Kingdom
85.195.97.226		29066	velia.net Internetdienste GmbH	velia.net Internetdienste GmbH	velia.net Internetdienste GmbH		DE	Germany
85.143.95.50		51352	State Educational Institution of higher professional Education 'Vladimir State University'	State Educational Institution of Higher Profession	State Educational Institution of Higher Profession			
85.195.97.227		29066	velia.net Internetdienste GmbH	velia.net Internetdienste GmbH	velia.net Internetdienste GmbH		DE	Germany
85.195.97.230		29066	velia.net Internetdienste GmbH	velia.net Internetdienste GmbH	velia.net Internetdienste GmbH		DE	Germany
85.207.155.39	adsl-pha39-155-207-85.bluetone.cz	25248	RADIOKOMUNIKACE a.s.	RADIOKOMUNIKACE a.s.	RADIOKOMUNIKACE a.s.		CZ	Czechia
85.90.244.52	li1427-52.members.linode.com	63949	Linode, LLC	Linode	Linode	Frankfurt am Main	DE	Germany
87.170.206.84	p57AACE54.dip0.t-ipconnect.de	3320	Deutsche Telekom AG	Deutsche Telekom AG	Deutsche Telekom AG	Burgthann	DE	Germany
87.185.31.200	p57B91FC8.dip0.t-ipconnect.de	3320	Deutsche Telekom AG	Deutsche Telekom AG	Deutsche Telekom AG	Horb am Neckar	DE	Germany
87.236.194.23	unassigned-87.236.194.23.coolhousing.net	35592	Coolhousing s.r.o.	Coolhousing, s.r.o.	Coolhousing, s.r.o.	Prague	CZ	Czechia
89.187.145.103	tor-exit.illusional.me	35592	Coolhousing s.r.o.	Coolhousing s.r.o.	Coolhousing s.r.o.		CZ	Czechia
89.188.9.91		31477	Duocast B.V.	Duocast B.V.	Duocast B.V.	Groningen	NL	Netherlands
89.36.208.231	mx.cashcobrancas.ru	31034	Aruba S.p.A.	Aruba S.p.A.	Aruba S.p.A.	Arezzo	IT	Italy
89.169.218.249		31514	LLC Multiscan	LLC Multiscan	LLC Multiscan	Balashikha	RU	Russia
90.154.72.187	broadband-90-154-72-187.nationalcablenetworks.ru	42610	PJSC Rostelecom	Rostelecom	Rostelecom	Moscow	RU	Russia
91.217.91.79		48031	PE Ivanov Vitaliy Sergeevich	XServer	XServer		UA	Ukraine
91.219.239.245	no-hostname.azar-a.net	56322	ServerAstra Kft.	ServerAstra Kft.	ServerAstra Kft.	Budapest	HU	Hungary
85.248.227.163		5578	BENESTRA, s.r.o.	BENESTRA, s.r.o.	BENESTRA, s.r.o.			
91.230.60.42	42-60-230-91.docker.ru	59627	Docker LTD	Docker LTD	Docker LTD		RU	Russia
91.230.61.68		59627	Docker LTD	Docker LTD	Docker LTD		RU	Russia
91.219.30.81	81.30.219.91.colo.ukrservers.com	3254	Lucky Net Ltd	FLP Kochenov Aleksej Vladislavovich	FLP Kochenov Aleksej Vladislavovich		UA	Ukraine
92.222.28.243	clauzel.eu	16276	OVH SAS	OVH SAS	OVH SAS	Paris	FR	France
92.222.71.173	173.ip-92-222-71.eu	16276	OVH SAS	OVH SAS	OVH SAS	Paris	FR	France
92.222.88.7	mx.marinovi.xyz	16276	OVH SAS	OVH SAS	OVH SAS	Paris	FR	France
92.222.92.152	152.ip-92-222-92.eu	16276	OVH SAS	OVH SAS	OVH SAS			
93.115.94.23	lh28700.voxility.net	3223	Voxility S.R.L.	Voxility Srl	Voxility Srl		RO	Romania
93.115.94.26	93.115.94.26.reserved.voxility.com	3223	Voxility S.R.L.	Voxility Srl	Voxility Srl		RO	Romania
93.115.95.39	lh29172.voxility.net	3223	Voxility S.R.L.	Voxility Srl	Voxility Srl		RO	Romania
94.185.85.42		47869	Netrouting	Netrouting Telecom Sweden	Netrouting Telecom Sweden	Stockholm	SE	Sweden
94.185.85.43		47869	Netrouting	Netrouting Telecom Sweden	Netrouting Telecom Sweden	Stockholm	SE	Sweden
94.185.85.44		47869	Netrouting	Netrouting Telecom Sweden	Netrouting Telecom Sweden	Stockholm	SE	Sweden
94.185.85.46		47869	Netrouting	Netrouting Telecom Sweden	Netrouting Telecom Sweden	Stockholm	SE	Sweden
94.103.175.86	tor-exit.squirrel.theremailer.net	48039	GHOSTnet GmbH	GHOSTnet GmbH	GHOSTnet GmbH			
94.198.100.8	8-100.198.94.serverdedicati.seflow.it	49367	Seflow S.N.C. Di Marco Brame' & C.	Seflow S.N.C. Di Marco Brame' & C.	Seflow S.N.C. Di Marco Brame' & C.	Cembra	IT	Italy
94.23.147.30	ip30.ip-94-23-147.eu	16276	OVH SAS	OVH BV	OVH BV		NL	Netherlands
94.242.206.196	ip-static-94-242-206-196.server.lu	5577	root SA	root SA	root SA		LU	Luxembourg
94.242.239.163	ip-static-94-242-239-163.server.lu	5577	root SA	root SA	root SA		LU	Luxembourg
94.242.239.165	ip-static-94-242-239-165.server.lu	5577	root SA	root SA	root SA		LU	Luxembourg
94.242.239.177	ip-static-94-242-239-177.server.lu	5577	root SA	root SA	root SA	Syren	LU	Luxembourg
94.242.239.181	ip-static-94-242-239-181.server.lu	5577	root SA	root SA	root SA	Syren	LU	Luxembourg
94.242.239.183	ip-static-94-242-239-183.server.lu	5577	root SA	root SA	root SA	Syren	LU	Luxembourg
94.242.239.189	ip-static-94-242-239-189.server.lu	5577	root SA	root SA	root SA	Syren	LU	Luxembourg
94.242.57.104		43317	OOO Fishnet Communications	vstoike.com vps clients	vstoike.com vps clients		RU	Russia
94.242.57.2	tor-exit.becquerel.org	43317	OOO Fishnet Communications	vstoike.com vps clients	vstoike.com vps clients			
94.31.53.203	cloud1794-2.nextpointhost.com	199847	Sorta-hosting-smllc	Zayo Group EU Limited	Zayo Group EU Limited	London	GB	United Kingdom
95.211.214.81	fast130.nl.rapidseedbox.com	60781	LeaseWeb Netherlands B.V.	LeaseWeb Netherlands B.V.	LeaseWeb Netherlands B.V.		NL	Netherlands
95.213.157.140		49505	OOO Network of data-centers Selectel	OOO Network of data-centers Selectel	OOO Network of data-centers Selectel		RU	Russia
95.213.157.141		49505	OOO Network of data-centers Selectel	OOO Network of data-centers Selectel	OOO Network of data-centers Selectel		RU	Russia
46.4.193.146	server.netica.pl	24940	Hetzner Online GmbH	Hetzner Online GmbH	Hetzner Online GmbH		DE	Germany
185.104.11.154	customer.clientshostname.com	14576	Hosting Solution Ltd.	Hosting Solution	Hosting Solution	Meppel	NL	Netherlands
95.163.107.14		12695	JSC Digital Network	JSC Digital Network	JSC Digital Network		RU	Russia
65.15.88.243	adsl-065-015-088-243.sip.asm.bellsouth.net	7018	AT&T Services, Inc.	AT&T Internet Services	AT&T Internet Services	Buford	US	United States
185.104.9.39	customer.clientshostname.com	14576	Hosting Solution Ltd.	Hosting Solution	Hosting Solution	Meppel	NL	Netherlands
194.88.143.66		49367	Seflow S.N.C. Di Marco Brame' & C.	HostRoyale Technologies Pvt Ltd	HostRoyale Technologies Pvt Ltd			
59.115.115.115		3462	Data Communication Business Group	HiNet	HiNet	Taipei	TW	Taiwan
