IP	attacks	hostname	asNumber	asOrg	org	ispName	cityName	countryCode	countryName
178.217.187.39	1276522	tor-exit.xshells.net	51290	Hosteam S.c. Tomasz Groszewski Bartosz Waszak Lukasz Groszewski	Hosteam S.c. Tomasz Groszewski Bartosz Waszak Luka	Hosteam S.c. Tomasz Groszewski Bartosz Waszak Luka			
217.23.14.168	969943	customer.worldstream.nl	49981	WorldStream B.V.	WorldStream B.V.	WorldStream B.V.			
209.222.77.220	727115	tor-relay.redteam.net	46844	Sharktech	Sharktech	Sharktech			
176.10.104.243	495836	tor2e1.digitale-gesellschaft.ch	51395	SOFTplus Entwicklungen GmbH	Datasource AG	Datasource AG			
185.38.14.171	407533	tor-exit.r2.apx.pub	58073	YISP B.V.	YISP B.V.	YISP B.V.			
185.38.14.215	398228	tor-exit.r1.apx.pub	58073	YISP B.V.	YISP B.V.	YISP B.V.			
94.142.242.84	394946	tor-exit-1.zenger.nl	8283	Netwerkvereniging Coloclue	Netwerkvereniging Coloclue	Netwerkvereniging Coloclue			
79.172.193.32	388138	toreador.webenlet.hu	29278	Deninet KFT	Deninet KFT	Deninet KFT			
171.25.193.77	376008	tor-exit1-readme.dfri.se	198093	Foreningen for digitala fri- och rattigheter	Foreningen for digitala fri- och rattigheter	Foreningen for digitala fri- och rattigheter			
85.25.103.119	349955	static-ip-85-25-103-119.inaddr.ip-pool.com	8972	Host Europe GmbH	HEG Mass	HEG Mass			
171.25.193.78	348479	tor-exit4-readme.dfri.se	198093	Foreningen for digitala fri- och rattigheter	Foreningen for digitala fri- och rattigheter	Foreningen for digitala fri- och rattigheter			
65.19.167.131	323200		6939	Hurricane Electric, Inc.	Hurricane Electric	Hurricane Electric			
82.221.139.25	313792	ded31663.iceservers.net	50613	Thor Data Center ehf	Advania hf.	Advania hf.			
65.19.167.132	297761		6939	Hurricane Electric, Inc.	Hurricane Electric	Hurricane Electric			
85.248.227.164	297671		5578	BENESTRA, s.r.o.	BENESTRA, s.r.o.	BENESTRA, s.r.o.			
37.220.35.202	297439	tor-exit.r3.apx.pub	58073	YISP B.V.	YISP Colo	YISP Colo			
173.254.216.66	295397	exit-01a.noisetor.net	8100	QuadraNet, Inc	QuadraNet	QuadraNet			
185.11.180.67	281248	exit.norway.tor-node.net	16234	Stayon AS	Stayon AS	Stayon AS			
109.163.234.5	258776	hessel3.torservers.net	3223	Voxility S.R.L.	Voxility S.R.L.	Voxility S.R.L.			
85.248.227.165	257181		5578	BENESTRA, s.r.o.	BENESTRA, s.r.o.	BENESTRA, s.r.o.			
46.165.230.5	233375	tor-exit.dhalgren.org	28753	Leaseweb Deutschland GmbH	Leaseweb Deutschland GmbH	Leaseweb Deutschland GmbH			
89.31.57.5	226332	dreamatorium.badexample.net	201401	Unithost Internet B.V.	Unithost Internet B.V.	Unithost Internet B.V.			
93.115.95.202	223176	lh28409.voxility.net	3223	Voxility S.R.L.	Voxility Srl	Voxility Srl			
163.172.209.46	222507	watchme.tor-exit.network	12876	Online S.a.s.	Online SAS Nl	Online SAS Nl			
176.10.99.200	221302		51395	SOFTplus Entwicklungen GmbH	Datasource AG	Datasource AG			
207.244.70.35	213186		30633	Leaseweb USA, Inc.	Leaseweb USA	Leaseweb USA			
109.163.234.8	209410	edwardsnowden1.torservers.net	3223	Voxility S.R.L.	Voxility S.R.L.	Voxility S.R.L.			
85.248.227.163	203474		5578	BENESTRA, s.r.o.	BENESTRA, s.r.o.	BENESTRA, s.r.o.			
109.163.234.2	200603	hessel0.torservers.net	3223	Voxility S.R.L.	Voxility S.R.L.	Voxility S.R.L.			
109.201.133.100	199008		43350	NForce Entertainment B.V.	NFOrce Entertainment B.V.	NFOrce Entertainment B.V.			
193.15.16.4	196568	tor1.modio.se	1257	TELE2	Tele2 SWIPnet	Tele2 SWIPnet			
93.115.95.201	186322	lh28409.voxility.net	3223	Voxility S.R.L.	Voxility Srl	Voxility Srl			
176.10.99.208	185263		51395	SOFTplus Entwicklungen GmbH	Datasource AG	Datasource AG			
51.255.33.0	183712	tor-exit.talyn.se	16276	OVH SAS	OVH SAS	OVH SAS			
62.102.148.67	177038		51815	IP-Only Networks AB	Kustbandet AB	Kustbandet AB			
35.0.127.52	174746	tor-exit.eecs.umich.edu	237	Merit Network Inc.	University of Michigan	University of Michigan			
149.56.223.241	174135	exit0.liskov.tor-relays.net	16276	OVH SAS	OVH Hosting	OVH Hosting			
65.19.167.130	166010		6939	Hurricane Electric, Inc.	Hurricane Electric	Hurricane Electric			
193.171.202.150	152795	tor2r.ins.tor.net.eu.org	1853	ACONET	Johannes Kepler University	Johannes Kepler University			
198.50.200.135	150173	tor-exit.sonsofodin.space	16276	OVH SAS	OVH Hosting	OVH Hosting			
64.113.32.29	147634	tor.t-3.net	15154	Specialized Bulletin Board Systems	Specialized Bulletin Board Systems	Specialized Bulletin Board Systems			
193.90.12.87	145679	tor-2.multisec.no	2116	Broadnet AS	Broadnet AS	Broadnet AS			
176.10.107.180	145525	torexit.schokomil.ch	51395	SOFTplus Entwicklungen GmbH	Datasource AG	Datasource AG			
164.132.51.91	144001	91.ip-164-132-51.eu	16276	OVH SAS	OVH SAS	OVH SAS			
204.85.191.30	141895	tor00.telenet.unc.edu	36850	University of North Carolina at Chapel Hill	University of North Carolina at Chapel Hill	University of North Carolina at Chapel Hill			
193.90.12.86	141612	tor-1.multisec.no	2116	Broadnet AS	Broadnet AS	Broadnet AS			
51.255.202.66	140428	tor2.asmer.com.ua	16276	OVH SAS	OVH SAS	OVH SAS			
128.153.145.125	138190	tor-exit.cslabs.clarkson.edu.145.153.128.in-addr.arpa	92	Clarkson University	Clarkson University	Clarkson University			
178.175.128.50	135969		43289	I.C.S. Trabia-Network S.R.L.	trabia network	trabia network			
212.117.180.21	134405	ip-static-212-117-180-21.server.lu	5577	root SA	root SA	root SA			
193.90.12.89	133808	tor-4.multisec.no	2116	Broadnet AS	Broadnet AS	Broadnet AS			
199.87.154.251	133624	torlesnet2.relay.coldhak.com	18451	LES.NET	LES.NET	LES.NET			
128.52.128.105	128899	tor-exit.csail.mit.edu	3	Massachusetts Institute of Technology	Massachusetts Institute of Technology	Massachusetts Institute of Technology			
212.117.180.130	128183	5.tor.exit.babylon.network	5577	root SA	root SA	root SA			
178.32.53.124	126020		16276	OVH SAS	OVH	OVH			
91.219.236.218	122953	tor-exit-01.1d4.us	56322	ServerAstra Kft.	ServerAstra Kft.	ServerAstra Kft.			
199.87.154.255	122679	tor.les.net	18451	LES.NET	TOR Exit Gateway	TOR Exit Gateway			
62.212.73.141	122297		60781	LeaseWeb Netherlands B.V.	LeaseWeb Netherlands B.V.	LeaseWeb Netherlands B.V.			
89.187.142.208	121894	exit1.torproxy.org	35592	Coolhousing s.r.o.	Coolhousing s.r.o.	Coolhousing s.r.o.			
46.182.106.190	118263	tor-exit.critical.cat	58073	YISP B.V.	YISP B.V.	YISP B.V.			
46.165.223.217	114775	tor-elpresidente.piraten-nds.de	28753	Leaseweb Deutschland GmbH	Leaseweb Deutschland GmbH	Leaseweb Deutschland GmbH			
163.172.136.101	112667	tor.ohundred.com	12876	Online S.a.s.	Scaleway	Scaleway			
193.90.12.88	111564	tor-3.multisec.no	2116	Broadnet AS	Broadnet AS	Broadnet AS			
195.228.45.176	107805	cfilter.prj.hu	5483	Magyar Telekom plc.	Magyar Telekom	Magyar Telekom			
95.211.205.151	107047	sh3llbox.hu	60781	LeaseWeb Netherlands B.V.	LeaseWeb Netherlands B.V.	LeaseWeb Netherlands B.V.			
193.90.12.90	107011	tor-5.multisec.no	2116	Broadnet AS	Broadnet AS	Broadnet AS			
146.185.177.103	105384	tor-exit.ohdoom.net	undefined	undefined	Digital Ocean	Digital Ocean			
93.115.95.205	101704	lh28409.voxility.net	3223	Voxility S.R.L.	Voxility Srl	Voxility Srl		RO	Romania
217.115.10.131	100797	tor1.anonymizer.ccc.de	31078	Netsign Networks GmbH	Netsign Networks GmbH	Netsign Networks GmbH			
198.96.155.3	100152	exit.tor.uwaterloo.ca	12093	University of Waterloo	University of Waterloo	University of Waterloo			
171.25.193.20	96283	tor-exit0-readme.dfri.se	198093	Foreningen for digitala fri- och rattigheter	Foreningen for digitala fri- och rattigheter	Foreningen for digitala fri- och rattigheter			
194.88.143.66	94237		49367	Seflow S.N.C. Di Marco Brame' & C.	HostRoyale Technologies Pvt Ltd	HostRoyale Technologies Pvt Ltd			
149.56.229.17	92702	3.tor.exit.babylon.network	16276	OVH SAS	OVH Hosting	OVH Hosting			
173.208.213.114	89631		32097	WholeSale Internet, Inc.	WholeSale Internet	WholeSale Internet			
193.111.136.162	88993	10.tor.exit.babylon.network	24961	myLoc managed IT AG	myLoc managed IT AG	myLoc managed IT AG			
171.25.193.25	86561	tor-exit5-readme.dfri.se	198093	Foreningen for digitala fri- och rattigheter	Foreningen for digitala fri- och rattigheter	Foreningen for digitala fri- och rattigheter			
178.17.170.179	85776	178-17-170-179.static.host	43289	I.C.S. Trabia-Network S.R.L.	trabia network	trabia network			
46.166.138.141	84624		43350	NForce Entertainment B.V.	NFOrce Entertainment B.V.	NFOrce Entertainment B.V.		NL	Netherlands
91.219.236.222	81910	no-hostname.azar-a.net	56322	ServerAstra Kft.	ServerAstra Kft.	ServerAstra Kft.			
23.254.211.232	78380	cvps12367872448.hostwindsdns.com	54290	Hostwinds LLC.	Hostwinds LLC.	Hostwinds LLC.			
178.17.170.124	76758	torrelayslamarre.exitnode	43289	I.C.S. Trabia-Network S.R.L.	trabia network	trabia network			
216.239.90.19	76560	tor-gateway.vif.com	10996	Concorde inc.	VIF Internet	VIF Internet			
89.34.237.101	75502		25198	Netaction Telecom Srl-d	Netaction Telecom Srl-d	Netaction Telecom Srl-d			
178.17.170.164	75201	torsrv1.snydernet.net	43289	I.C.S. Trabia-Network S.R.L.	trabia network	trabia network			
93.184.66.227	74742	torsrva.snydernet.net	29405	VNET a.s.	VNET a.s	VNET a.s	Bratislava	SK	Slovak Republic
171.25.193.132	70403	tor-exit6-readme.dfri.se	198093	Foreningen for digitala fri- och rattigheter	Foreningen for digitala fri- och rattigheter	Foreningen for digitala fri- och rattigheter			
91.219.236.136	69107	sa0786.azar-a.net	56322	ServerAstra Kft.	ServerAstra Kft.	ServerAstra Kft.			
199.127.226.150	68672	tor.tocici.com	14613	TOCICI LLC	Tocici LLC	Tocici LLC			
93.174.93.133	66302	no-reverse-dns-configured.com	29073	Quasi Networks LTD.	Novogara LTD	Novogara LTD			
158.130.0.242	65824	tor-exit-node.seas.upenn.edu	55	University of Pennsylvania	University of Pennsylvania	University of Pennsylvania			
217.115.10.132	65572	tor2.anonymizer.ccc.de	31078	Netsign Networks GmbH	Netsign Networks GmbH	Netsign Networks GmbH			
162.247.72.199	64956	jaffer.tor-exit.calyxinstitute.org	4224	The Calyx Institute	The Calyx Institute	The Calyx Institute			
178.175.131.194	63629	torsrv6.snydernet.net	43289	I.C.S. Trabia-Network S.R.L.	trabia network	trabia network			
64.124.32.84	62789	64.124.32.84.IPYX-102914-ZYO.zip.zayo.com	6461	Zayo Bandwidth Inc	Zayo Bandwidth	Zayo Bandwidth			
107.181.174.84	62206	us-west.tor-exit.neelc.org	46562	Total Server Solutions L.L.C.	Total Server Solutions L.L.C.	Total Server Solutions L.L.C.			
198.167.223.38	61634	host-198-167-223-38.resolv.to	37560	CYBERDYNE	Cyberdyne	Cyberdyne			
178.32.53.94	59919	tor-exit.scharmerlaw.com	16276	OVH SAS	OVH	OVH			
89.35.178.104	59745		16125	UAB Cherry Servers	UAB Cherry Servers	UAB Cherry Servers			
46.29.248.238	57684		57858	Inter Connects Inc	Inter Connects Inc	Inter Connects Inc			
46.166.190.182	56459		43350	NForce Entertainment B.V.	NFOrce Entertainment B.V.	NFOrce Entertainment B.V.		NL	Netherlands
162.247.72.201	54903	kunstler.tor-exit.calyxinstitute.org	4224	The Calyx Institute	The Calyx Institute	The Calyx Institute			
79.134.234.247	54566	sunfire-cape.gate.wayne-enterprises.company	6775	Andreas Fink trading as Fink Telecom Services	Andreas Fink trading as Fink Telecom Services	Andreas Fink trading as Fink Telecom Services			
178.17.174.10	53950	torsrvq.snydernet.net	43289	I.C.S. Trabia-Network S.R.L.	trabia network	trabia network			
89.187.144.122	53822	cz.tor-exit.neelc.org	35592	Coolhousing s.r.o.	Coolhousing s.r.o.	Coolhousing s.r.o.			
5.255.80.27	51800	eicu.rumahoke.com	50673	Serverius Holding B.V.	Serverius Holding B.V.	Serverius Holding B.V.		NL	Netherlands
80.240.139.111	51673	tor.idolf.dk	200130	Digital Ocean, Inc.	Digital Ocean	Digital Ocean			
46.166.137.245	49975		43350	NForce Entertainment B.V.	NFOrce Entertainment B.V.	NFOrce Entertainment B.V.		NL	Netherlands
92.222.6.12	49924	tor.xx.or.at	16276	OVH SAS	OVH SAS	OVH SAS			
216.218.134.12	48738	tor-exit.altsci.com	6939	Hurricane Electric, Inc.	Hurricane Electric	Hurricane Electric			
162.247.72.200	46814	kiriakou.tor-exit.calyxinstitute.org	4224	The Calyx Institute	The Calyx Institute	The Calyx Institute			
162.247.73.206	46789	rosaluxemburg.tor-exit.calyxinstitute.org	4224	The Calyx Institute	The Calyx Institute	The Calyx Institute			
204.11.50.131	46556	tor-exit.boingboing.net	30176	Priority Colo Inc	Priority Colo	Priority Colo			
69.162.139.9	46270	readme.tor.camolist.com	32748	Steadfast	Steadfast	Steadfast			
64.27.17.140	46024	unassigned.calpop.com	35916	MULTACOM CORPORATION	Multacom Corporation	Multacom Corporation			
178.17.170.238	45598	178-17-170-238.static.host	43289	I.C.S. Trabia-Network S.R.L.	trabia network	trabia network	Chisinau	MD	Republic of Moldova
46.166.137.240	45279		43350	NForce Entertainment B.V.	NFOrce Entertainment B.V.	NFOrce Entertainment B.V.		NL	Netherlands
31.185.104.19	45081	tor-exit-relay.anonymizing-proxy.digitalcourage.de	43847	Martin Prager trading as NbIServ	Martin Prager trading as NbIServ	Martin Prager trading as NbIServ			
107.182.131.117	44756	tor3.dpsi.jp	62638	Query Foundry, LLC	Query Foundry, LLC	Query Foundry, LLC			
66.180.193.219	44304	tor-proxy.die.net	11051	Cyberverse, Inc.	Cyberverse	Cyberverse			
162.247.72.216	41541	phoolandevi.tor-exit.calyxinstitute.org	4224	The Calyx Institute	The Calyx Institute	The Calyx Institute			
185.16.200.176	41029	host-200-176.junet.se	59702	Junet AB	Junet AB	Junet AB			
162.247.72.217	39305	perry.fellwock.tor-exit.calyxinstitute.org	4224	The Calyx Institute	The Calyx Institute	The Calyx Institute			
162.247.72.27	39096	turing.tor-exit.calyxinstitute.org	4224	The Calyx Institute	The Calyx Institute	The Calyx Institute			
72.52.75.27	39032	pie-vpc-006.pie-coop.net	6939	Hurricane Electric, Inc.	Hurricane Electric	Hurricane Electric			
46.166.190.223	35585		43350	NForce Entertainment B.V.	NFOrce Entertainment B.V.	NFOrce Entertainment B.V.		NL	Netherlands
82.163.79.61	34951		13213	UK-2 Limited	UK2.NET	UK2.NET			
204.194.29.4	32745	TOR-EXIT.CYLAB.CMU.EDU	9	Carnegie Mellon University	Carnegie Mellon University	Carnegie Mellon University			
37.233.99.157	32405	iceeecoldddd.billingeenvo.p3.tiktalik.io	198717	Techstorage sp. z o.o.	Techstorage sp. z o.o.	Techstorage sp. z o.o.			
162.247.72.202	31871	djb.tor-exit.calyxinstitute.org	4224	The Calyx Institute	The Calyx Institute	The Calyx Institute			
46.166.137.224	30956		43350	NForce Entertainment B.V.	NFOrce Entertainment B.V.	NFOrce Entertainment B.V.		NL	Netherlands
82.211.19.143	30152	server5.4pc.eu	31400	Accelerated IT Services GmbH	Accelerated IT Services GmbH	Accelerated IT Services GmbH			
209.66.119.150	29763	209.66.119.150.available.above.net	47074	AEG	AEG	AEG			
209.249.180.198	29432	tor-exit.kartofelzik.info	6461	Zayo Bandwidth Inc	Zayo Bandwidth	Zayo Bandwidth			
209.133.66.214	29374	exit-tor.tykva.info	6461	Zayo Bandwidth Inc	Zayo Bandwidth	Zayo Bandwidth			
109.74.151.149	28390	torsrvu.snydernet.net	29405	VNET a.s.	VNET a.s.	VNET a.s.	Bratislava	SK	Slovak Republic
97.74.237.196	27991	ip-97-74-237-196.ip.secureserver.net	26496	GoDaddy.com, LLC	GoDaddy.com, LLC	GoDaddy.com, LLC			
192.195.80.10	27230	wikiotter.static.monkeybrains.net	32329	Monkey Brains	Monkey Brains	Monkey Brains			
151.1.182.128	24970	server128-media-network-omnibus.it.net	3242	ITnet S.r.l.	ITnet S.r.l.	ITnet S.r.l.			
212.83.40.239	24540		47447	23Media GmbH	23Media GmbH	23Media GmbH			
46.166.138.147	24433		43350	NForce Entertainment B.V.	NFOrce Entertainment B.V.	NFOrce Entertainment B.V.		NL	Netherlands
91.219.236.232	24275	senai.commerceplanpartner.com	56322	ServerAstra Kft.	ServerAstra Kft.	ServerAstra Kft.			
64.137.178.3	23746	www.torproject.org	55053	2267921 ONTARIO LTD	KW Datacenter	KW Datacenter			
5.249.145.164	23675	torexit-readme.balist.es	31034	Aruba S.p.A.	Aruba S.p.A. - Cloud Services Farm	Aruba S.p.A. - Cloud Services Farm			
171.25.193.235	21749	tor-exit3-readme.dfri.se	198093	Foreningen for digitala fri- och rattigheter	Foreningen for digitala fri- och rattigheter	Foreningen for digitala fri- och rattigheter			
88.80.7.5	21526	host-88-80-7-5.cust.prq.se	33837	PeRiQuito AB	Prq - Pop Sth	Prq - Pop Sth			
89.33.246.114	21428		9009	M247 Ltd	M247 Europe SRL	M247 Europe SRL		RO	Romania
185.17.184.228	21184	tor-exit-node.xzyqvk.co.uk	60781	LeaseWeb Netherlands B.V.	LeaseWeb Netherlands B.V.	LeaseWeb Netherlands B.V.		NL	Netherlands
109.201.152.26	20797	tsn109-201-152-26.dyn.nltelcom.net	43350	NForce Entertainment B.V.	NFOrce Entertainment B.V.	NFOrce Entertainment B.V.	Rozendaal	NL	Netherlands
212.83.40.238	20790		47447	23Media GmbH	23Media GmbH	23Media GmbH			
176.58.100.98	20577	tor-exit-node.gertrude.stuken.me	63949	Linode, LLC	Linode	Linode			
216.230.148.77	19661	77.148.static.intelnet.net.gt	14754	Telgua	Telgua	Telgua			
5.189.188.111	19505	godiva.insane.us.to	51167	Contabo GmbH	Contabo GmbH	Contabo GmbH			
185.129.62.63	18176	tor02.zencurity.dk	57860	Zencurity ApS	Zencurity ApS	Zencurity ApS			
31.168.172.147	17930	31-168-172-147.telavivwifi.com	8551	Bezeq International	Bezeq International	Bezeq International	Tel Aviv	IL	Israel
207.244.97.183	17587	exit.manassas.tor-node.net	30633	Leaseweb USA, Inc.	Leaseweb USA	Leaseweb USA	Manassas	US	United States
141.138.141.208	16964	tor-exit-141-138-141-208.colo.transip.net	20857	Transip B.V.	Transip B.V.	Transip B.V.			
104.237.152.195	16768	drew010-relay01.drew-phillips.com	63949	Linode, LLC	Linode	Linode			
162.247.73.204	16597	billsf.tor-exit.calyxinstitute.org	4224	The Calyx Institute	The Calyx Institute	The Calyx Institute			
179.43.143.162	15987	new-tactics.com	51852	Private Layer INC	Private Layer INC	Private Layer INC			
41.206.188.206	15916		6453	TATA COMMUNICATIONS (AMERICA) INC	Tata Communications (america)	Tata Communications (america)			
120.29.217.46	15809		6453	TATA COMMUNICATIONS (AMERICA) INC	Tata Communications (america)	Tata Communications (america)			
217.12.201.109	15029	s24.friendhosting.net	50673	Serverius Holding B.V.	ITL Company	ITL Company	Dronten	NL	Netherlands
94.242.239.162	14955	ip-static-94-242-239-162.server.lu	5577	root SA	root SA	root SA		LU	Luxembourg
45.55.178.34	14637		393406	Digital Ocean, Inc.	Digital Ocean	Digital Ocean	New York	US	United States
46.166.188.208	14507		43350	NForce Entertainment B.V.	NFOrce Entertainment B.V.	NFOrce Entertainment B.V.		NL	Netherlands
178.17.163.82	14127	178-17-163-82.static.host	43289	I.C.S. Trabia-Network S.R.L.	trabia network	trabia network	Chisinau	MD	Republic of Moldova
148.251.255.92	13756	tor-exit.gcpd.biz	24940	Hetzner Online GmbH	HETZNER	HETZNER			
217.13.197.5	13704	tor-exit-node.tk	15657	Speedbone Internet & Connectivity GmbH	Speedbone Internet & Connectivity GmbH	Speedbone Internet & Connectivity GmbH			
199.68.196.125	13340		1426	Lightwave Networking, LLC	Lightwave Networking, LLC	Lightwave Networking, LLC			
46.166.138.129	13224		43350	NForce Entertainment B.V.	NFOrce Entertainment B.V.	NFOrce Entertainment B.V.		NL	Netherlands
106.187.37.101	13081	tor.xz.je	2516	KDDI CORPORATION	Linode	Linode			
212.47.195.52	12672		3327	Linx Telecommunications B.V.	Linx Telecommunications B.V.	Linx Telecommunications B.V.	Tallinn	EE	Estonia
46.105.100.149	12612	secreto21.idfnv.net	16276	OVH SAS	OVH SAS	OVH SAS			
178.162.193.233	12548		28753	Leaseweb Deutschland GmbH	Leaseweb Deutschland GmbH	Leaseweb Deutschland GmbH		DE	Germany
212.7.219.155	11761	88.reneys.net	198156	Dediserv Dedicated Servers Sp. z o.o.	Dediserv Dedicated Servers Sp. z o.o.	Dediserv Dedicated Servers Sp. z o.o.			
82.221.129.96	10900	credits-2win.net	50613	Thor Data Center ehf	Advania hf.	Advania hf.			
188.93.234.203	10796		49349	Dotsi, Unipessoal Lda.	Dotsi, Unipessoal Lda.	Dotsi, Unipessoal Lda.		PT	Portugal
185.80.50.33	10782		62214	Rackforest Informatikai Kereskedelmi Szolgaltato es Tanacsado Kft.	ACI Technologies Bt	ACI Technologies Bt		HU	Hungary
162.244.26.76	10513	c999949498-cloudpro-243221077.cloudatcost.com	55053	2267921 ONTARIO LTD	KW Datacenter	KW Datacenter			
192.160.102.166	10441	chaucer.relay.coldhak.com	395089	Hextet Systems	Hextet Systems	Hextet Systems			
46.165.228.119	10273	de3x.mullvad.net	28753	Leaseweb Deutschland GmbH	Leaseweb Deutschland GmbH	Leaseweb Deutschland GmbH		DE	Germany
85.159.237.210	10214		43350	NForce Entertainment B.V.	NFOrce Entertainment B.V.	NFOrce Entertainment B.V.			
88.198.14.171	8039	tor1.piratenpartei-bayern.de	24940	Hetzner Online GmbH	Hetzner Online AG	Hetzner Online AG	Nuremberg	DE	Germany
5.28.62.85	7891	tor.yrk.urgs.uk0.bigv.io	35425	Bytemark Limited	Bytemark Limited	Bytemark Limited			
62.210.129.246	7841	relay1.tor.openinternet.io	12876	Online S.a.s.	ONLINE SAS	ONLINE SAS			
198.58.107.53	7446	tor.tyler.zone	63949	Linode, LLC	Linode	Linode			
146.185.135.43	7325		undefined	undefined	Digital Ocean	Digital Ocean	Amsterdam	NL	Netherlands
185.65.134.75	6921		39351	31173 Services AB	31173 Services AB	31173 Services AB	Amsterdam	NL	Netherlands
94.103.175.86	6613	tor-exit.squirrel.theremailer.net	48039	GHOSTnet GmbH	GHOSTnet GmbH	GHOSTnet GmbH			
84.200.56.34	6494		31400	Accelerated IT Services GmbH	Accelerated IT Services GmbH	Accelerated IT Services GmbH			
46.39.102.250	6398	customer-46-39-102-250.stosn.net	50821	Stockholms Stadsnat AB	Stockholms Stadsnat AB	Stockholms Stadsnat AB			
185.129.62.62	6291	tor01.zencurity.dk	57860	Zencurity ApS	Zencurity ApS	Zencurity ApS			
79.134.255.200	6265		6775	Andreas Fink trading as Fink Telecom Services	DataCell ehf	DataCell ehf			
185.65.134.76	5726		39351	31173 Services AB	31173 Services AB	31173 Services AB	Amsterdam	NL	Netherlands
45.33.48.204	5623	this-is-a-tor-exit-node-1.ntp1.pw	63949	Linode, LLC	Linode, LLC	Linode, LLC			
82.211.19.129	5549	server1.dxxmail.com	31400	Accelerated IT Services GmbH	Accelerated IT Services GmbH	Accelerated IT Services GmbH			
65.181.112.128	5168		25653	FortressITX	FortressITX	FortressITX			
5.153.234.90	5103		57858	Inter Connects Inc	Inter Connects Inc	Inter Connects Inc		SE	Sweden
91.146.121.3	5066	tor-exit.brmlab.cz	198031	Trustica s.r.o.	Trustica s.r.o.	Trustica s.r.o.			
192.160.102.164	4693	snowfall.relay.coldhak.com	395089	Hextet Systems	Hextet Systems	Hextet Systems			
46.28.110.136	4599	normalcitizen.spirosandreou.com	197019	WEDOS Internet, a.s.	WEDOS Internet, a.s.	WEDOS Internet, a.s.			
104.236.58.27	4450		393406	Digital Ocean, Inc.	Digital Ocean	Digital Ocean	New York	US	United States
188.126.81.155	4230	tor-exit.se.partyvan.eu	42708	Portlane AB	Portlane AB	Portlane AB			
5.135.158.101	4146	cloud.tor.ninja	16276	OVH SAS	OVH SAS	OVH SAS			
80.67.172.162	3786	algrothendieck.globenet.org	20766	Association Gitoyen	Association Gitoyen	Association Gitoyen			
178.162.205.2	3603		28753	Leaseweb Deutschland GmbH	Leaseweb Deutschland GmbH	Leaseweb Deutschland GmbH		DE	Germany
172.98.67.32	2715		46562	Total Server Solutions L.L.C.	Total Server Solutions L.L.C.	Total Server Solutions L.L.C.	Toronto	CA	Canada
37.187.7.74	2706	justus.impium.de	16276	OVH SAS	OVH SAS	OVH SAS			
46.166.138.142	2688		43350	NForce Entertainment B.V.	NFOrce Entertainment B.V.	NFOrce Entertainment B.V.		NL	Netherlands
212.47.246.21	2598	tor4thepeople1.torexitnode.net	12876	Online S.a.s.	Scaleway	Scaleway			
185.100.84.82	2582		200651	FlokiNET ehf	FlokiNET ehf	FlokiNET ehf			
185.65.134.81	2520		39351	31173 Services AB	31173 Services AB	31173 Services AB	Amsterdam	NL	Netherlands
45.56.90.85	2379	li892-85.members.linode.com	63949	Linode, LLC	Linode, LLC	Linode, LLC			
176.31.180.157	2264	mirror.armbrust.me	16276	OVH SAS	OVH SAS	OVH SAS			
94.26.140.150	2242	94-26-140-150.arbital.ru	44068	Style-Com	Style-Com	Style-Com			
5.196.1.129	2230	tor.thd.ninja	16276	OVH SAS	OVH SAS	OVH SAS			
178.162.199.142	1951	hosted-by.leaseweb.com	28753	Leaseweb Deutschland GmbH	Leaseweb Deutschland GmbH	Leaseweb Deutschland GmbH		DE	Germany
185.100.85.101	1922		200651	FlokiNET ehf	FlokiNET ehf	FlokiNET ehf			
62.210.105.116	1876	62-210-105-116.rev.poneytelecom.eu	12876	Online S.a.s.	ONLINE SAS	ONLINE SAS			
108.61.123.73	1840	108.61.123.73.choopa.net	20473	Choopa, LLC	Choopa, LLC	Choopa, LLC	Paris	FR	France
178.20.55.18	1834	marcuse-2.nos-oignons.net	50618	LIAZO SARL	LIAZO SARL	LIAZO SARL			
178.20.55.16	1790	marcuse-1.nos-oignons.net	50618	LIAZO SARL	LIAZO SARL	LIAZO SARL			
46.166.190.192	1730		43350	NForce Entertainment B.V.	NFOrce Entertainment B.V.	NFOrce Entertainment B.V.		NL	Netherlands
212.7.217.50	1657		198156	Dediserv Dedicated Servers Sp. z o.o.	Dediserv Dedicated Servers Sp. z o.o.	Dediserv Dedicated Servers Sp. z o.o.		PL	Poland
91.213.8.84	1594	torsrvn.snydernet.net	48031	PE Ivanov Vitaliy Sergeevich	Hosting Solutions Ltd.	Hosting Solutions Ltd.			
45.79.85.112	1513	li1184-112.members.linode.com	63949	Linode, LLC	Linode, LLC	Linode, LLC			
91.213.8.235	1502		48031	PE Ivanov Vitaliy Sergeevich	Hosting Solutions Ltd.	Hosting Solutions Ltd.			
95.130.11.147	1448	tor-exit-readme.manalyzer.org	196689	Digicube sas	Hosting Customers	Hosting Customers			
92.222.28.243	1319	clauzel.eu	16276	OVH SAS	OVH SAS	OVH SAS	Paris	FR	France
91.213.8.236	1315	torsrvs.snydernet.net	48031	PE Ivanov Vitaliy Sergeevich	Hosting Solutions Ltd.	Hosting Solutions Ltd.			
185.34.33.2	1314	tor.laquadrature.net	39389	Cursys Sarl	Octopuce s.a.r.l.	Octopuce s.a.r.l.			
162.244.25.249	1209	c1104293-2938.cloudatcost.com	55053	2267921 ONTARIO LTD	KW Datacenter	KW Datacenter	Kitchener	CA	Canada
31.148.219.50	1157	jacobs.clientshostname.com	14576	Hosting Solution Ltd.	Hosting Solution	Hosting Solution		NL	Netherlands
185.100.85.190	1153		200651	FlokiNET ehf	FlokiNET ehf	FlokiNET ehf			
5.157.38.34	1013		60485	Inter Connects Inc	Inter Connects Inc	Inter Connects Inc		SE	Sweden
185.100.87.82	1006		200651	FlokiNET ehf	FlokiNET ehf	FlokiNET ehf	Bucharest	RO	Romania
195.154.90.122	944	argenla.tor-exit.network	12876	Online S.a.s.	Iliad-Entreprises	Iliad-Entreprises			
185.100.86.128	773		200651	FlokiNET ehf	FlokiNET ehf	FlokiNET ehf			
185.100.85.192	766		200651	FlokiNET ehf	FlokiNET ehf	FlokiNET ehf			
185.100.87.120	746		200651	FlokiNET ehf	FlokiNET ehf	FlokiNET ehf			
185.100.86.167	745		200651	FlokiNET ehf	FlokiNET ehf	FlokiNET ehf	Helsinki	FI	Finland
91.229.77.64	721	64-77-229-91.deltahost.com.ua	42331	PE Freehost	FOP Zemlyaniy Dmitro Leonidovich	FOP Zemlyaniy Dmitro Leonidovich			
185.100.86.86	691		200651	FlokiNET ehf	FlokiNET ehf	FlokiNET ehf			
71.19.157.127	580	tor.svc.explicate.org	47066	prgmr.com, Inc.	prgmr.com	prgmr.com			
94.242.57.2	541	tor-exit.becquerel.org	43317	OOO Fishnet Communications	vstoike.com vps clients	vstoike.com vps clients			
92.222.88.7	524	mx.marinovi.xyz	16276	OVH SAS	OVH SAS	OVH SAS	Paris	FR	France
151.236.23.54	520	54-23-236-151.static.edis.at	39020	Comvive Servidores S.L.	EDIS GmbH	EDIS GmbH		AT	Austria
185.104.120.2	500	exit02.brasshorncomms.uk	28715	Brass Horn Communications	Brass Horn Communications	Brass Horn Communications			
154.70.153.175	498		37692	NetStack-AS	Netstack Cloud Services	Netstack Cloud Services		ZA	South Africa
37.59.63.190	478	ns3100645.ip-37-59-63.eu	16276	OVH SAS	OVH SAS	OVH SAS			
176.31.7.241	468	parachute-tor-exit.org	16276	OVH SAS	OVH SAS	OVH SAS		FR	France
185.104.120.7	445	exit01.brasshorncomms.uk	28715	Brass Horn Communications	Brass Horn Communications	Brass Horn Communications			
85.143.219.211	415	tor-exit.demfloro.ru	201848	Trader soft LLC	Trader soft LLC	Trader soft LLC			
184.105.220.24	341	ghatanothoa.unzane.com	46841	Fork Networking, LLC	Fork Networking, LLC	Fork Networking, LLC			
37.187.239.8	319	8.ip-37-187-239.eu	16276	OVH SAS	OVH SAS	OVH SAS			
85.143.95.50	276		51352	State Educational Institution of higher professional Education 'Vladimir State University'	State Educational Institution of Higher Profession	State Educational Institution of Higher Profession			
185.100.86.69	275		200651	FlokiNET ehf	FlokiNET ehf	FlokiNET ehf			
37.59.14.201	211	ns2.wat2doo.com	16276	OVH SAS	OVH SAS	OVH SAS			
37.0.127.44	174		198310	Pallada Web Service LLC	Pallada Web Service LLC	Pallada Web Service LLC			
185.104.120.4	160	exit03.brasshorncomms.uk	28715	Brass Horn Communications	Brass Horn Communications	Brass Horn Communications			
92.222.92.152	156	152.ip-92-222-92.eu	16276	OVH SAS	OVH SAS	OVH SAS			
78.138.104.178	146		29066	velia.net Internetdienste GmbH	velia.net Internetdienste GmbH	velia.net Internetdienste GmbH	Hoest	DE	Germany
46.165.196.229	144		28753	Leaseweb Deutschland GmbH	Leaseweb Deutschland GmbH	Leaseweb Deutschland GmbH		DE	Germany
141.255.162.162	132		51852	Private Layer INC	Private Layer INC	Private Layer INC		CH	Switzerland
109.201.154.205	131	tsn109-201-154-205.dyn.nltelcom.net	43350	NForce Entertainment B.V.	NFOrce Entertainment B.V.	NFOrce Entertainment B.V.	Amsterdam	NL	Netherlands
89.163.237.45	103	tor1.mysec-arch.net	24961	myLoc managed IT AG	myLoc managed IT AG	myLoc managed IT AG		DE	Germany
198.50.200.131	94	tor-exit-readme.jessevictors.com	16276	OVH SAS	OVH Hosting	OVH Hosting		PA	Panama
80.244.81.191	90	80-244-81-191.customer.t3.se	28908	Telecom3 Sverige AB	LAN clients in UMEA	LAN clients in UMEA	UmeÃ¥	SE	Sweden
198.134.125.78	83	ns1648.ztomy.com	20264	Webair Internet Development Company Inc.	Webair Internet Development Company	Webair Internet Development Company	Los Angeles	US	United States
5.133.179.243	82		20860	Iomart	Iomart Hosting Limited	Iomart Hosting Limited		GB	United Kingdom
109.201.152.246	75	tsn109-201-152-246.dyn.nltelcom.net	43350	NForce Entertainment B.V.	NFOrce Entertainment B.V.	NFOrce Entertainment B.V.	Rozendaal	NL	Netherlands
94.185.85.43	73		47869	Netrouting	Netrouting Telecom Sweden	Netrouting Telecom Sweden	Stockholm	SE	Sweden
163.172.211.135	69	163-172-211-135.rev.poneytelecom.eu	12876	Online S.a.s.	Online SAS Nl	Online SAS Nl	Amsterdam	NL	Netherlands
89.248.162.179	68		29073	Quasi Networks LTD.	Novogara LTD	Novogara LTD		SC	Seychelles
185.100.87.44	60		200651	FlokiNET ehf	FlokiNET ehf	FlokiNET ehf	Bucharest	RO	Romania
46.108.39.193	60		5541	Sc Ad Net Market Media Srl	AdNet Telecom Services SRL	AdNet Telecom Services SRL	Bucharest	RO	Romania
185.69.168.112	59	tor.exit.node.dreamhack.se	59835	Dreamhack AB	Dreamhack AB	Dreamhack AB		SE	Sweden
163.172.152.231	54	231-152-172-163.rev.cloud.scaleway.com	12876	Online S.a.s.	Scaleway	Scaleway		FR	France
178.32.53.131	51		16276	OVH SAS	OVH	OVH		US	United States
178.151.182.123	49	123.182.151.178.triolan.net	13188	Content Delivery Network Ltd	Triolan	Triolan			
163.172.135.172	49	node1.tor.angristan.xyz	12876	Online S.a.s.	Scaleway	Scaleway		FR	France
163.172.138.68	47	mx2.prado-creation.fr	12876	Online S.a.s.	Scaleway	Scaleway		FR	France
93.174.90.30	46	2.shulgin.nl.torexit.haema.co.uk	29073	Quasi Networks LTD.	Quasi Networks LTD.	Quasi Networks LTD.		SC	Seychelles
217.23.10.184	44	customer.worldstream.nl	49981	WorldStream B.V.	WorldStream B.V.	WorldStream B.V.		NL	Netherlands
108.61.166.139	42	108.61.166.139.vultr.com	20473	Choopa, LLC	Choopa, LLC	Choopa, LLC	Amsterdam	NL	Netherlands
163.172.38.173	37	163-172-38-173.rev.poneytelecom.eu	12876	Online S.a.s.	ONLINE SAS	ONLINE SAS	Monnieres	FR	France
212.47.248.81	35	81-248-47-212.rev.cloud.scaleway.com	12876	Online S.a.s.	Scaleway	Scaleway		FR	France
204.155.30.75	31	edwardsimpson.clientshostname.com	14576	Hosting Solution Ltd.	Hosting Solution	Hosting Solution	Garden City	US	United States
185.135.156.94	29		61317	Digital Energy Technologies Limited	Host1Plus	Host1Plus			
163.172.43.52	28	163-172-43-52.rev.poneytelecom.eu	12876	Online S.a.s.	ONLINE SAS	ONLINE SAS		FR	France
178.62.71.57	28	titanialighting.com	202109	Digital Ocean, Inc.	Digital Ocean	Digital Ocean	London	GB	United Kingdom
178.162.211.216	27		28753	Leaseweb Deutschland GmbH	Leaseweb Deutschland GmbH	Leaseweb Deutschland GmbH		DE	Germany
149.202.47.181	26	dourneau.me	16276	OVH SAS	OVH SAS	OVH SAS		FR	France
163.172.214.76	26	baconisawesome.rathhansen.com	12876	Online S.a.s.	Online SAS Nl	Online SAS Nl	Amsterdam	NL	Netherlands
89.34.237.12	24	ops243.thememorablepeople.com	25198	Netaction Telecom Srl-d	Netaction Telecom Srl-d	Netaction Telecom Srl-d	Lipova	RO	Romania
185.36.100.145	24	tor-proxy-readme.cloudexit.eu	62403	Disk Group Ltd.	Disk Group Ltd.	Disk Group Ltd.			
212.7.192.148	23		60781	LeaseWeb Netherlands B.V.	Dediserv Dedicated Servers Sp. z o.o.	Dediserv Dedicated Servers Sp. z o.o.		NL	Netherlands
79.98.107.90	22		197216	Delta Softmedia Ltd.	Delta.bg Dh Services	Delta.bg Dh Services	Sofia	BG	Bulgaria
45.32.239.246	21	45.32.239.246.vultr.com	20473	Choopa, LLC	Choopa, LLC	Choopa, LLC	Amsterdam	NL	Netherlands
151.100.179.50	20		137	Consortium GARR	Universita' degli Studi di Roma La Sapienza	Universita' degli Studi di Roma La Sapienza	Rome	IT	Italy
163.172.129.70	20	70-129-172-163.rev.cloud.scaleway.com	12876	Online S.a.s.	Scaleway	Scaleway		FR	France
178.17.174.99	19	6.tor.exit.babylon.network	43289	I.C.S. Trabia-Network S.R.L.	trabia network	trabia network	Chisinau	MD	Republic of Moldova
81.170.184.90	19	h-184-90.a322.priv.bahnhof.se	8473	Bahnhof Internet AB	Bahnhof Internet AB	Bahnhof Internet AB	GÃ¤vle	SE	Sweden
63.141.226.34	18	bebekduskunu.com	33387	DataShack, LC	DataShack, LC	DataShack, LC	Kansas City	US	United States
89.163.135.98	18		13301	United Gameserver GmbH	myLoc managed IT AG	myLoc managed IT AG		DE	Germany
194.187.249.135	18		9009	M247 Ltd	M247 Ltd France Network	M247 Ltd France Network	Paris	FR	France
94.102.49.64	18	fitamazing.com	29073	Quasi Networks LTD.	Novogara LTD	Novogara LTD		SC	Seychelles
146.0.77.50	17		57043	Hostkey B.v.	Hostkey B.v.	Hostkey B.v.		NL	Netherlands
37.48.109.107	17		60781	LeaseWeb Netherlands B.V.	LeaseWeb Netherlands B.V.	LeaseWeb Netherlands B.V.		NL	Netherlands
149.56.99.37	16	37.ip-149-56-99.net	16276	OVH SAS	OVH Hosting	OVH Hosting	Montreal	CA	Canada
81.7.15.115	16	81-7-15-115.blue.kundencontroller.de	35366	ISPpro Internet KG	ISPpro Internet KG	ISPpro Internet KG		DE	Germany
109.201.154.186	14	tsn109-201-154-186.dyn.nltelcom.net	43350	NForce Entertainment B.V.	NFOrce Entertainment B.V.	NFOrce Entertainment B.V.	Amsterdam	NL	Netherlands
46.101.197.155	13		201229	Digital Ocean, Inc.	DigitalOcean	DigitalOcean	Frankfurt am Main	DE	Germany
188.138.1.217	13	atlantic380.startdedicated.de	8972	Host Europe GmbH	BSB-Service GmbH	BSB-Service GmbH	Hoest	DE	Germany
192.151.155.130	12	proxy1.6khz.com	33387	DataShack, LC	DataShack, LC	DataShack, LC	Kansas City	US	United States
167.114.238.104	12	mailserver.italianlyb.it	16276	OVH SAS	OVH Hosting	OVH Hosting	Roubaix	FR	France
163.172.158.208	12	208-158-172-163.rev.cloud.scaleway.com	12876	Online S.a.s.	Scaleway	Scaleway		FR	France
37.123.130.176	12	h-130-176.a2.corp.bahnhof.no	8473	Bahnhof Internet AB	Bahnhof Internet AB	Bahnhof Internet AB	Oslo	NO	Norway
149.202.42.188	11	188.ip-149-202-42.eu	16276	OVH SAS	OVH SAS	OVH SAS		FR	France
158.58.170.186	11		49367	Seflow S.N.C. Di Marco Brame' & C.	Fastserver & eCloud Virtual Datacenter	Fastserver & eCloud Virtual Datacenter	Milan	IT	Italy
158.69.208.131	10	131.ip-158-69-208.net	16276	OVH SAS	OVH Hosting	OVH Hosting	Montreal	CA	Canada
212.68.41.83	10	static-83-41-68-212.sadecehosting.net	42910	Equinix Turkey Internet Hizmetleri Anonim Sirketi	Equinix Turkey Internet Hizmetleri Anonim Sirketi	Equinix Turkey Internet Hizmetleri Anonim Sirketi		TR	Turkey
46.165.197.1	10		28753	Leaseweb Deutschland GmbH	Leaseweb Deutschland GmbH	Leaseweb Deutschland GmbH		DE	Germany
163.172.143.114	10	vds.nbrz.ru	12876	Online S.a.s.	Scaleway	Scaleway		FR	France
85.90.244.52	9	li1427-52.members.linode.com	63949	Linode, LLC	Linode	Linode	Frankfurt am Main	DE	Germany
178.239.167.15	9	tor-relay.m5i.uk	64474	M5i Limited	Bandwidth Technologies Ltd	Bandwidth Technologies Ltd		GB	United Kingdom
23.239.10.144	9	tor.shamm.as	63949	Linode, LLC	Linode	Linode	Newark	US	United States
216.17.99.183	8	server1.peach-hosting.com	19237	Omnis Network, LLC	Omnis Network, LLC	Omnis Network, LLC	Torrance	US	United States
108.166.168.158	8	tor.exit-no.de	13354	EBL Global Networks, Inc.	EBL Global Networks	EBL Global Networks	Garland	US	United States
149.56.99.36	8	36.ip-149-56-99.net	16276	OVH SAS	OVH Hosting	OVH Hosting	Montreal	CA	Canada
89.36.208.231	8	mx.cashcobrancas.ru	31034	Aruba S.p.A.	Aruba S.p.A.	Aruba S.p.A.	Arezzo	IT	Italy
85.207.155.39	8	adsl-pha39-155-207-85.bluetone.cz	25248	RADIOKOMUNIKACE a.s.	RADIOKOMUNIKACE a.s.	RADIOKOMUNIKACE a.s.		CZ	Czechia
188.138.9.41	8	mail.andy-bar.de	8972	Host Europe GmbH	HEG Mass	HEG Mass	Hoest	DE	Germany
91.108.183.170	7		60485	Inter Connects Inc	Inter Connects Inc	Inter Connects Inc		SE	Sweden
158.69.244.40	7	ontimev5.w3s.fr	16276	OVH SAS	OVH Hosting	OVH Hosting	Montreal	CA	Canada
106.187.99.148	7	li476-148.members.linode.com	2516	KDDI CORPORATION	Linode	Linode		JP	Japan
177.85.98.227	7	radio.servidorprotegido.com	262603	GX INTERNET E WEB HOSTING SERV DE INFORMATICA LTDA	Gx Internet E Web Hosting Serv De Informatica Ltda	Gx Internet E Web Hosting Serv De Informatica Ltda		BR	Brazil
94.242.195.186	6	ip-static-94-242-195-186.server.lu	5577	root SA	root SA	root SA		LU	Luxembourg
46.148.26.78	6	ilcomandantemark.net	50297	Infium, UAB	Infium, UAB	Infium, UAB		UA	Ukraine
216.75.21.31	5		10439	CariNet, Inc.	CariNet	CariNet	San Diego	US	United States
101.98.11.146	5	proxysrv1.flat33.co.nz	9790	CallPlus Services Limited	CallPlus Services Limited	CallPlus Services Limited	Auckland	NZ	New Zealand
37.220.35.36	5		58073	YISP B.V.	YISP Colo	YISP Colo		NL	Netherlands
46.17.100.14	5	service1.merkefabrikken.com	57043	Hostkey B.v.	Hostkey B.v.	Hostkey B.v.		NL	Netherlands
89.34.237.11	4		25198	Netaction Telecom Srl-d	Netaction Telecom Srl-d	Netaction Telecom Srl-d	Lipova	RO	Romania
64.137.215.208	4	c918085954-cloudpro-515288148.cloudatcost.com	55053	2267921 ONTARIO LTD	KW Datacenter	KW Datacenter	Kitchener	CA	Canada
94.102.49.175	4	tor-exit.nip.su	29073	Quasi Networks LTD.	Novogara LTD	Novogara LTD		SC	Seychelles
84.251.91.165	4	dsl-olubrasgw1-54fb5b-165.dhcp.inet.fi	1759	TeliaSonera Finland Oyj	TeliaSonera Finland Oyj	TeliaSonera Finland Oyj	Haukipudas	FI	Finland
204.155.30.76	4	josefwheeler.clientshostname.com	14576	Hosting Solution Ltd.	Hosting Solution	Hosting Solution	Garden City	US	United States
87.120.254.200	4		34224	Neterra Ltd.	Neterra Ltd.	Neterra Ltd.		BG	Bulgaria
88.150.157.14	4		20860	Iomart	Redstation Limited	Redstation Limited		GB	United Kingdom
91.134.232.63	4	srv92.meetmenow69.com	16276	OVH SAS	OVH SAS	OVH SAS		FR	France
91.228.151.52	4	tor-exit.rommelbak.nl	31019	Paulus M. Hoogsteder trading as Meanie	Paulus M. Hoogsteder trading as Meanie	Paulus M. Hoogsteder trading as Meanie		NL	Netherlands
5.56.133.19	4		35017	Swiftway Sp. z o.o.	Swiftway Evoswitch	Swiftway Evoswitch	Los Angeles	US	United States
94.102.53.177	4		29073	Quasi Networks LTD.	Quasi Networks LTD.	Quasi Networks LTD.		SC	Seychelles
158.69.194.36	3	36.ip-158-69-194.net	16276	OVH SAS	OVH Hosting	OVH Hosting	Montreal	CA	Canada
158.69.172.225	3	tronhinavi.com	16276	OVH SAS	OVH Hosting	OVH Hosting	Montreal	CA	Canada
149.56.99.38	3	neko.brussell.me	16276	OVH SAS	OVH Hosting	OVH Hosting	Montreal	CA	Canada
78.138.106.247	3		29066	velia.net Internetdienste GmbH	velia.net Internetdienste GmbH	velia.net Internetdienste GmbH	Hoest	DE	Germany
163.172.154.105	3	105-154-172-163.rev.cloud.scaleway.com	12876	Online S.a.s.	Scaleway	Scaleway		FR	France
93.115.241.194	3	host.infinitesoftsolutions.com	41011	Ch-net S.r.l.	Ch-net S.r.l.	Ch-net S.r.l.		RO	Romania
93.115.95.39	3	lh29172.voxility.net	3223	Voxility S.R.L.	Voxility Srl	Voxility Srl		RO	Romania
162.253.42.208	2	208-42-253-162.static.reverse.lstn.net	46475	Limestone Networks, Inc.	Limestone Networks	Limestone Networks	Dallas	US	United States
109.188.125.52	2	wimax-client.yota.ru	47395	PJSC MegaFon	Yota	Yota	Moscow	RU	Russia
176.114.0.120	2	s12.thehost.com.ua	56485	FOP Sedinkin Olexandr Valeriyovuch	FOP Sedinkin Olexandr Valeriyovuch	FOP Sedinkin Olexandr Valeriyovuch	Kiev	UA	Ukraine
146.185.139.55	2		undefined	undefined	Digital Ocean	Digital Ocean	Amsterdam	NL	Netherlands
46.148.17.99	2		50297	Infium, UAB	Infium, UAB	Infium, UAB		UA	Ukraine
185.80.222.78	2	host2.skytech-systems.com	13213	UK-2 Limited	Virtual Internet (UK) Limited	Virtual Internet (UK) Limited	Amsterdam	NL	Netherlands
46.166.188.228	2		43350	NForce Entertainment B.V.	NFOrce Entertainment B.V.	NFOrce Entertainment B.V.		NL	Netherlands
27.50.94.251	2		45671	Servers Australia Pty Ltd	Servers Australia Pty	Servers Australia Pty	Brookvale	AU	Australia
149.202.44.177	2	177.ip-149-202-44.eu	16276	OVH SAS	OVH SAS	OVH SAS		FR	France
84.232.5.230	2		29119	ServiHosting Networks S.L.	ServiHosting Networks S.L.	ServiHosting Networks S.L.		ES	Spain
195.154.81.29	1	mestre.pipocaxp02.com.br	12876	Online S.a.s.	Iliad-Entreprises	Iliad-Entreprises		FR	France
94.242.222.23	1	ip-static-94-242-222-23.server.lu	5577	root SA	root SA	root SA		LU	Luxembourg
87.236.194.23	1	unassigned-87.236.194.23.coolhousing.net	35592	Coolhousing s.r.o.	Coolhousing, s.r.o.	Coolhousing, s.r.o.	Prague	CZ	Czechia
198.50.200.139	1	decorve.constructionmore.site	16276	OVH SAS	OVH Hosting	OVH Hosting		PA	Panama
139.59.9.200	1		135340	Digital Ocean, Inc.	Digital Ocean	Digital Ocean	Bengaluru	IN	India
109.188.125.60	1	wimax-client.yota.ru	47395	PJSC MegaFon	Yota	Yota	Moscow	RU	Russia
72.5.72.225	1		394738	Denetron LLC	Silicon Valley Web Hosting	Silicon Valley Web Hosting	San Jose	US	United States
204.155.30.78	1	jackhudson.clientshostname.com	14576	Hosting Solution Ltd.	Hosting Solution	Hosting Solution	Garden City	US	United States
5.199.172.147	1	hst-172-147.cloudlix.com	16125	UAB Cherry Servers	UAB Cherry Servers	UAB Cherry Servers		LT	Republic of Lithuania
51.255.38.226	1	226.ip-51-255-38.eu	16276	OVH SAS	OVH SAS	OVH SAS		FR	France
149.154.158.51	1	51-158-154-149.static.edis.at	35017	Swiftway Sp. z o.o.	EDIS GmbH	EDIS GmbH	Chicago	US	United States
108.28.164.248	1	pool-108-28-164-248.washdc.fios.verizon.net	701	MCI Communications Services, Inc. d/b/a Verizon Business	Verizon Fios	Verizon Fios	Centreville	US	United States
109.188.127.60	1	wimax-client.yota.ru	47395	PJSC MegaFon	Yota	Yota	Moscow	RU	Russia
31.210.125.99	1	31-210-125-99.turkrdns.com	197328	Inter Net Bilgisayar Turizm Tic Ltd Sti	Radore Veri Merkezi Hizmetleri A.S.	Radore Veri Merkezi Hizmetleri A.S.		TR	Turkey
